timestamp_utc,value,url
2026-01-27T16:54:08+00:00,207,https://ungvetenskapssport.se/event/robotiklager-norrkoping-2026/
2026-01-27T17:24:43+00:00,208,https://ungvetenskapssport.se/event/robotiklager-norrkoping-2026/
2026-01-27T17:52:13+00:00,209,https://ungvetenskapssport.se/event/robotiklager-norrkoping-2026/
2026-01-27T18:32:35+00:00,210,https://ungvetenskapssport.se/event/robotiklager-norrkoping-2026/
2026-01-27T19:06:09+00:00,211,https://ungvetenskapssport.se/event/robotiklager-norrkoping-2026/
2026-01-27T19:37:01+00:00,212,https://ungvetenskapssport.se/event/robotiklager-norrkoping-2026/
2026-01-27T19:53:30+00:00,213,https://ungvetenskapssport.se/event/robotiklager-norrkoping-2026/
2026-01-27T20:19:03+00:00,214,https://ungvetenskapssport.se/event/robotiklager-norrkoping-2026/
2026-01-27T20:42:51+00:00,215,https://ungvetenskapssport.se/event/robotiklager-norrkoping-2026/
2026-01-27T20:58:49+00:00,217,https://ungvetenskapssport.se/event/robotiklager-norrkoping-2026/
2026-01-27T21:24:22+00:00,218,https://ungvetenskapssport.se/event/robotiklager-norrkoping-2026/
2026-01-27T21:41:22+00:00,219,https://ungvetenskapssport.se/event/robotiklager-norrkoping-2026/
2026-01-27T21:55:05+00:00,222,https://ungvetenskapssport.se/event/robotiklager-norrkoping-2026/
2026-01-27T22:19:37+00:00,223,https://ungvetenskapssport.se/event/robotiklager-norrkoping-2026/
2026-01-27T22:42:09+00:00,224,https://ungvetenskapssport.se/event/robotiklager-norrkoping-2026/
2026-01-27T22:57:11+00:00,225,https://ungvetenskapssport.se/event/robotiklager-norrkoping-2026/
2026-01-27T23:23:48+00:00,226,https://ungvetenskapssport.se/event/robotiklager-norrkoping-2026/
2026-01-27T23:55:51+00:00,227,https://ungvetenskapssport.se/event/robotiklager-norrkoping-2026/
2026-01-28T01:40:18+00:00,228,https://ungvetenskapssport.se/event/robotiklager-norrkoping-2026/
2026-01-28T03:25:28+00:00,229,https://ungvetenskapssport.se/event/robotiklager-norrkoping-2026/
2026-01-28T04:30:33+00:00,230,https://ungvetenskapssport.se/event/robotiklager-norrkoping-2026/
2026-01-28T05:03:07+00:00,231,https://ungvetenskapssport.se/event/robotiklager-norrkoping-2026/
2026-01-28T05:40:57+00:00,232,https://ungvetenskapssport.se/event/robotiklager-norrkoping-2026/
2026-01-28T05:59:31+00:00,234,https://ungvetenskapssport.se/event/robotiklager-norrkoping-2026/
2026-01-28T06:49:04+00:00,235,https://ungvetenskapssport.se/event/robotiklager-norrkoping-2026/
2026-01-28T07:15:39+00:00,236,https://ungvetenskapssport.se/event/robotiklager-norrkoping-2026/
2026-01-28T07:42:39+00:00,237,https://ungvetenskapssport.se/event/robotiklager-norrkoping-2026/
2026-01-28T07:57:07+00:00,239,https://ungvetenskapssport.se/event/robotiklager-norrkoping-2026/
2026-01-28T08:34:37+00:00,241,https://ungvetenskapssport.se/event/robotiklager-norrkoping-2026/
2026-01-28T09:02:29+00:00,242,https://ungvetenskapssport.se/event/robotiklager-norrkoping-2026/
2026-01-28T10:01:48+00:00,244,https://ungvetenskapssport.se/event/robotiklager-norrkoping-2026/
2026-01-28T10:46:07+00:00,247,https://ungvetenskapssport.se/event/robotiklager-norrkoping-2026/
2026-01-28T11:02:43+00:00,248,https://ungvetenskapssport.se/event/robotiklager-norrkoping-2026/
2026-01-28T11:33:30+00:00,249,https://ungvetenskapssport.se/event/robotiklager-norrkoping-2026/
2026-01-28T12:40:40+00:00,250,https://ungvetenskapssport.se/event/robotiklager-norrkoping-2026/
2026-01-28T13:37:07+00:00,251,https://ungvetenskapssport.se/event/robotiklager-norrkoping-2026/
2026-01-28T14:05:30+00:00,253,https://ungvetenskapssport.se/event/robotiklager-norrkoping-2026/
2026-01-28T15:17:34+00:00,254,https://ungvetenskapssport.se/event/robotiklager-norrkoping-2026/
2026-01-28T15:53:01+00:00,256,https://ungvetenskapssport.se/event/robotiklager-norrkoping-2026/
2026-01-28T16:31:29+00:00,257,https://ungvetenskapssport.se/event/robotiklager-norrkoping-2026/
2026-01-28T17:48:31+00:00,258,https://ungvetenskapssport.se/event/robotiklager-norrkoping-2026/
2026-01-28T18:18:48+00:00,259,https://ungvetenskapssport.se/event/robotiklager-norrkoping-2026/
2026-01-28T18:56:04+00:00,260,https://ungvetenskapssport.se/event/robotiklager-norrkoping-2026/
2026-01-28T19:26:52+00:00,261,https://ungvetenskapssport.se/event/robotiklager-norrkoping-2026/
2026-01-28T19:51:01+00:00,262,https://ungvetenskapssport.se/event/robotiklager-norrkoping-2026/
2026-01-28T20:25:06+00:00,267,https://ungvetenskapssport.se/event/robotiklager-norrkoping-2026/
2026-01-28T20:55:41+00:00,268,https://ungvetenskapssport.se/event/robotiklager-norrkoping-2026/
2026-01-28T21:26:57+00:00,269,https://ungvetenskapssport.se/event/robotiklager-norrkoping-2026/
2026-01-28T21:53:30+00:00,270,https://ungvetenskapssport.se/event/robotiklager-norrkoping-2026/
2026-01-28T22:22:29+00:00,271,https://ungvetenskapssport.se/event/robotiklager-norrkoping-2026/
2026-01-28T22:53:18+00:00,272,https://ungvetenskapssport.se/event/robotiklager-norrkoping-2026/
2026-01-28T23:22:32+00:00,273,https://ungvetenskapssport.se/event/robotiklager-norrkoping-2026/
2026-01-28T23:47:49+00:00,274,https://ungvetenskapssport.se/event/robotiklager-norrkoping-2026/
2026-01-29T00:00:14+00:00,277,https://ungvetenskapssport.se/event/robotiklager-norrkoping-2026/
2026-01-29T02:48:11+00:00,278,https://ungvetenskapssport.se/event/robotiklager-norrkoping-2026/
2026-01-29T04:20:48+00:00,279,https://ungvetenskapssport.se/event/robotiklager-norrkoping-2026/
2026-01-29T05:27:24+00:00,281,https://ungvetenskapssport.se/event/robotiklager-norrkoping-2026/
2026-01-29T06:05:18+00:00,283,https://ungvetenskapssport.se/event/robotiklager-norrkoping-2026/
2026-01-29T07:03:38+00:00,284,https://ungvetenskapssport.se/event/robotiklager-norrkoping-2026/
2026-01-29T07:51:03+00:00,285,https://ungvetenskapssport.se/event/robotiklager-norrkoping-2026/
2026-01-29T08:34:02+00:00,286,https://ungvetenskapssport.se/event/robotiklager-norrkoping-2026/
2026-01-29T09:23:03+00:00,289,https://ungvetenskapssport.se/event/robotiklager-norrkoping-2026/
2026-01-29T10:04:02+00:00,290,https://ungvetenskapssport.se/event/robotiklager-norrkoping-2026/
2026-01-29T10:54:10+00:00,291,https://ungvetenskapssport.se/event/robotiklager-norrkoping-2026/
2026-01-29T11:27:46+00:00,292,https://ungvetenskapssport.se/event/robotiklager-norrkoping-2026/
2026-01-29T11:54:03+00:00,294,https://ungvetenskapssport.se/event/robotiklager-norrkoping-2026/
2026-01-29T12:48:41+00:00,296,https://ungvetenskapssport.se/event/robotiklager-norrkoping-2026/
2026-01-29T13:47:52+00:00,297,https://ungvetenskapssport.se/event/robotiklager-norrkoping-2026/
2026-01-29T14:28:32+00:00,298,https://ungvetenskapssport.se/event/robotiklager-norrkoping-2026/
2026-01-29T15:06:30+00:00,301,https://ungvetenskapssport.se/event/robotiklager-norrkoping-2026/
2026-01-29T15:51:09+00:00,303,https://ungvetenskapssport.se/event/robotiklager-norrkoping-2026/
2026-01-29T16:38:52+00:00,304,https://ungvetenskapssport.se/event/robotiklager-norrkoping-2026/
2026-01-29T17:22:16+00:00,305,https://ungvetenskapssport.se/event/robotiklager-norrkoping-2026/
2026-01-29T18:00:38+00:00,306,https://ungvetenskapssport.se/event/robotiklager-norrkoping-2026/
2026-01-29T19:02:07+00:00,307,https://ungvetenskapssport.se/event/robotiklager-norrkoping-2026/
2026-01-29T19:38:52+00:00,308,https://ungvetenskapssport.se/event/robotiklager-norrkoping-2026/
2026-01-29T19:58:51+00:00,309,https://ungvetenskapssport.se/event/robotiklager-norrkoping-2026/
2026-01-29T20:58:44+00:00,310,https://ungvetenskapssport.se/event/robotiklager-norrkoping-2026/
2026-01-29T21:33:37+00:00,312,https://ungvetenskapssport.se/event/robotiklager-norrkoping-2026/
2026-01-29T21:56:05+00:00,313,https://ungvetenskapssport.se/event/robotiklager-norrkoping-2026/
2026-01-29T22:26:04+00:00,315,https://ungvetenskapssport.se/event/robotiklager-norrkoping-2026/
2026-01-29T22:54:20+00:00,316,https://ungvetenskapssport.se/event/robotiklager-norrkoping-2026/
2026-01-29T23:22:07+00:00,317,https://ungvetenskapssport.se/event/robotiklager-norrkoping-2026/
2026-01-29T23:47:56+00:00,318,https://ungvetenskapssport.se/event/robotiklager-norrkoping-2026/
2026-01-29T23:59:54+00:00,319,https://ungvetenskapssport.se/event/robotiklager-norrkoping-2026/
2026-01-30T02:45:16+00:00,320,https://ungvetenskapssport.se/event/robotiklager-norrkoping-2026/
2026-01-30T04:23:40+00:00,321,https://ungvetenskapssport.se/event/robotiklager-norrkoping-2026/
2026-01-30T05:30:15+00:00,322,https://ungvetenskapssport.se/event/robotiklager-norrkoping-2026/
2026-01-30T06:27:13+00:00,323,https://ungvetenskapssport.se/event/robotiklager-norrkoping-2026/
2026-01-30T07:24:09+00:00,324,https://ungvetenskapssport.se/event/robotiklager-norrkoping-2026/
2026-01-30T07:58:40+00:00,325,https://ungvetenskapssport.se/event/robotiklager-norrkoping-2026/
2026-01-30T08:48:45+00:00,329,https://ungvetenskapssport.se/event/robotiklager-norrkoping-2026/
2026-01-30T09:24:59+00:00,330,https://ungvetenskapssport.se/event/robotiklager-norrkoping-2026/
2026-01-30T10:01:30+00:00,331,https://ungvetenskapssport.se/event/robotiklager-norrkoping-2026/
2026-01-30T11:24:52+00:00,333,https://ungvetenskapssport.se/event/robotiklager-norrkoping-2026/
2026-01-30T11:49:13+00:00,334,https://ungvetenskapssport.se/event/robotiklager-norrkoping-2026/
2026-01-30T13:19:03+00:00,358,https://ungvetenskapssport.se/event/robotiklager-norrkoping-2026/
2026-01-30T14:04:35+00:00,391,https://ungvetenskapssport.se/event/robotiklager-norrkoping-2026/
2026-01-30T14:51:21+00:00,411,https://ungvetenskapssport.se/event/robotiklager-norrkoping-2026/
2026-01-30T15:29:32+00:00,415,https://ungvetenskapssport.se/event/robotiklager-norrkoping-2026/
2026-01-30T16:00:55+00:00,419,https://ungvetenskapssport.se/event/robotiklager-norrkoping-2026/
2026-01-30T16:30:14+00:00,421,https://ungvetenskapssport.se/event/robotiklager-norrkoping-2026/
2026-01-30T16:56:09+00:00,424,https://ungvetenskapssport.se/event/robotiklager-norrkoping-2026/
2026-01-30T18:44:39+00:00,439,https://ungvetenskapssport.se/event/robotiklager-norrkoping-2026/
2026-01-30T18:59:54+00:00,440,https://ungvetenskapssport.se/event/robotiklager-norrkoping-2026/
2026-01-30T19:38:31+00:00,442,https://ungvetenskapssport.se/event/robotiklager-norrkoping-2026/
2026-01-30T19:57:30+00:00,443,https://ungvetenskapssport.se/event/robotiklager-norrkoping-2026/
2026-01-30T20:33:47+00:00,446,https://ungvetenskapssport.se/event/robotiklager-norrkoping-2026/
2026-01-30T21:34:36+00:00,448,https://ungvetenskapssport.se/event/robotiklager-norrkoping-2026/
2026-01-30T21:52:22+00:00,449,https://ungvetenskapssport.se/event/robotiklager-norrkoping-2026/
2026-01-30T22:20:27+00:00,451,https://ungvetenskapssport.se/event/robotiklager-norrkoping-2026/
2026-01-30T22:52:11+00:00,452,https://ungvetenskapssport.se/event/robotiklager-norrkoping-2026/
2026-01-30T23:21:27+00:00,453,https://ungvetenskapssport.se/event/robotiklager-norrkoping-2026/
2026-01-30T23:47:22+00:00,454,https://ungvetenskapssport.se/event/robotiklager-norrkoping-2026/
2026-01-31T00:00:03+00:00,456,https://ungvetenskapssport.se/event/robotiklager-norrkoping-2026/
2026-01-31T02:40:43+00:00,457,https://ungvetenskapssport.se/event/robotiklager-norrkoping-2026/
2026-01-31T04:19:16+00:00,458,https://ungvetenskapssport.se/event/robotiklager-norrkoping-2026/
2026-01-31T05:55:04+00:00,459,https://ungvetenskapssport.se/event/robotiklager-norrkoping-2026/
2026-01-31T06:33:26+00:00,461,https://ungvetenskapssport.se/event/robotiklager-norrkoping-2026/
2026-01-31T07:06:17+00:00,463,https://ungvetenskapssport.se/event/robotiklager-norrkoping-2026/
2026-01-31T07:39:22+00:00,464,https://ungvetenskapssport.se/event/robotiklager-norrkoping-2026/
2026-01-31T07:55:18+00:00,465,https://ungvetenskapssport.se/event/robotiklager-norrkoping-2026/
2026-01-31T08:25:45+00:00,467,https://ungvetenskapssport.se/event/robotiklager-norrkoping-2026/
2026-01-31T08:54:11+00:00,468,https://ungvetenskapssport.se/event/robotiklager-norrkoping-2026/
2026-01-31T09:23:51+00:00,473,https://ungvetenskapssport.se/event/robotiklager-norrkoping-2026/
2026-01-31T09:49:50+00:00,474,https://ungvetenskapssport.se/event/robotiklager-norrkoping-2026/
2026-01-31T10:00:38+00:00,475,https://ungvetenskapssport.se/event/robotiklager-norrkoping-2026/
2026-01-31T10:57:00+00:00,476,https://ungvetenskapssport.se/event/robotiklager-norrkoping-2026/
2026-01-31T11:21:24+00:00,477,https://ungvetenskapssport.se/event/robotiklager-norrkoping-2026/
2026-01-31T11:42:15+00:00,478,https://ungvetenskapssport.se/event/robotiklager-norrkoping-2026/
2026-01-31T11:56:01+00:00,479,https://ungvetenskapssport.se/event/robotiklager-norrkoping-2026/
2026-01-31T12:43:03+00:00,481,https://ungvetenskapssport.se/event/robotiklager-norrkoping-2026/
2026-01-31T13:30:42+00:00,482,https://ungvetenskapssport.se/event/robotiklager-norrkoping-2026/
2026-01-31T14:00:10+00:00,483,https://ungvetenskapssport.se/event/robotiklager-norrkoping-2026/
2026-01-31T14:54:41+00:00,488,https://ungvetenskapssport.se/event/robotiklager-norrkoping-2026/
2026-01-31T15:19:22+00:00,490,https://ungvetenskapssport.se/event/robotiklager-norrkoping-2026/
2026-01-31T15:42:11+00:00,491,https://ungvetenskapssport.se/event/robotiklager-norrkoping-2026/
2026-01-31T15:58:35+00:00,492,https://ungvetenskapssport.se/event/robotiklager-norrkoping-2026/
2026-01-31T16:35:30+00:00,494,https://ungvetenskapssport.se/event/robotiklager-norrkoping-2026/
2026-01-31T16:58:17+00:00,495,https://ungvetenskapssport.se/event/robotiklager-norrkoping-2026/
2026-01-31T17:27:48+00:00,496,https://ungvetenskapssport.se/event/robotiklager-norrkoping-2026/
2026-01-31T17:49:39+00:00,498,https://ungvetenskapssport.se/event/robotiklager-norrkoping-2026/
2026-01-31T18:00:19+00:00,499,https://ungvetenskapssport.se/event/robotiklager-norrkoping-2026/
2026-01-31T18:49:01+00:00,502,https://ungvetenskapssport.se/event/robotiklager-norrkoping-2026/
2026-01-31T19:10:38+00:00,504,https://ungvetenskapssport.se/event/robotiklager-norrkoping-2026/
2026-01-31T19:34:29+00:00,505,https://ungvetenskapssport.se/event/robotiklager-norrkoping-2026/
2026-01-31T19:47:36+00:00,506,https://ungvetenskapssport.se/event/robotiklager-norrkoping-2026/
2026-01-31T19:56:52+00:00,507,https://ungvetenskapssport.se/event/robotiklager-norrkoping-2026/
2026-01-31T20:26:52+00:00,508,https://ungvetenskapssport.se/event/robotiklager-norrkoping-2026/
2026-01-31T20:48:47+00:00,509,https://ungvetenskapssport.se/event/robotiklager-norrkoping-2026/
2026-01-31T21:00:13+00:00,510,https://ungvetenskapssport.se/event/robotiklager-norrkoping-2026/
2026-01-31T21:33:14+00:00,511,https://ungvetenskapssport.se/event/robotiklager-norrkoping-2026/
2026-01-31T21:50:46+00:00,512,https://ungvetenskapssport.se/event/robotiklager-norrkoping-2026/
2026-01-31T22:18:20+00:00,513,https://ungvetenskapssport.se/event/robotiklager-norrkoping-2026/
2026-01-31T22:44:16+00:00,514,https://ungvetenskapssport.se/event/robotiklager-norrkoping-2026/
2026-01-31T22:58:54+00:00,515,https://ungvetenskapssport.se/event/robotiklager-norrkoping-2026/
2026-01-31T23:29:07+00:00,516,https://ungvetenskapssport.se/event/robotiklager-norrkoping-2026/
2026-01-31T23:47:44+00:00,517,https://ungvetenskapssport.se/event/robotiklager-norrkoping-2026/
2026-01-31T23:58:14+00:00,518,https://ungvetenskapssport.se/event/robotiklager-norrkoping-2026/
2026-02-01T05:58:00+00:00,522,https://ungvetenskapssport.se/event/robotiklager-norrkoping-2026/
2026-02-01T06:54:52+00:00,523,https://ungvetenskapssport.se/event/robotiklager-norrkoping-2026/
2026-02-01T07:34:30+00:00,525,https://ungvetenskapssport.se/event/robotiklager-norrkoping-2026/
2026-02-01T07:58:39+00:00,526,https://ungvetenskapssport.se/event/robotiklager-norrkoping-2026/
2026-02-01T08:39:10+00:00,527,https://ungvetenskapssport.se/event/robotiklager-norrkoping-2026/
2026-02-01T09:02:30+00:00,528,https://ungvetenskapssport.se/event/robotiklager-norrkoping-2026/
2026-02-01T09:59:51+00:00,530,https://ungvetenskapssport.se/event/robotiklager-norrkoping-2026/
2026-02-01T10:36:41+00:00,531,https://ungvetenskapssport.se/event/robotiklager-norrkoping-2026/
2026-02-01T10:57:37+00:00,532,https://ungvetenskapssport.se/event/robotiklager-norrkoping-2026/
2026-02-01T11:24:09+00:00,533,https://ungvetenskapssport.se/event/robotiklager-norrkoping-2026/
2026-02-01T11:43:06+00:00,534,https://ungvetenskapssport.se/event/robotiklager-norrkoping-2026/
2026-02-01T11:56:24+00:00,535,https://ungvetenskapssport.se/event/robotiklager-norrkoping-2026/
2026-02-01T13:33:28+00:00,539,https://ungvetenskapssport.se/event/robotiklager-norrkoping-2026/
2026-02-01T14:01:48+00:00,542,https://ungvetenskapssport.se/event/robotiklager-norrkoping-2026/
2026-02-01T14:39:46+00:00,545,https://ungvetenskapssport.se/event/robotiklager-norrkoping-2026/
2026-02-01T14:58:33+00:00,550,https://ungvetenskapssport.se/event/robotiklager-norrkoping-2026/
2026-02-01T15:30:52+00:00,552,https://ungvetenskapssport.se/event/robotiklager-norrkoping-2026/
2026-02-01T15:52:53+00:00,553,https://ungvetenskapssport.se/event/robotiklager-norrkoping-2026/
2026-02-01T16:24:26+00:00,556,https://ungvetenskapssport.se/event/robotiklager-norrkoping-2026/
2026-02-01T16:54:24+00:00,558,https://ungvetenskapssport.se/event/robotiklager-norrkoping-2026/
2026-02-01T17:21:08+00:00,559,https://ungvetenskapssport.se/event/robotiklager-norrkoping-2026/
2026-02-01T17:49:04+00:00,560,https://ungvetenskapssport.se/event/robotiklager-norrkoping-2026/
2026-02-01T18:01:06+00:00,561,https://ungvetenskapssport.se/event/robotiklager-norrkoping-2026/
2026-02-01T18:52:12+00:00,565,https://ungvetenskapssport.se/event/robotiklager-norrkoping-2026/
2026-02-01T19:21:08+00:00,567,https://ungvetenskapssport.se/event/robotiklager-norrkoping-2026/
2026-02-01T19:43:50+00:00,568,https://ungvetenskapssport.se/event/robotiklager-norrkoping-2026/
2026-02-01T19:56:09+00:00,569,https://ungvetenskapssport.se/event/robotiklager-norrkoping-2026/
2026-02-01T20:25:03+00:00,570,https://ungvetenskapssport.se/event/robotiklager-norrkoping-2026/
2026-02-01T20:48:49+00:00,574,https://ungvetenskapssport.se/event/robotiklager-norrkoping-2026/
2026-02-01T21:02:25+00:00,575,https://ungvetenskapssport.se/event/robotiklager-norrkoping-2026/
2026-02-01T21:35:27+00:00,578,https://ungvetenskapssport.se/event/robotiklager-norrkoping-2026/
2026-02-01T21:51:49+00:00,580,https://ungvetenskapssport.se/event/robotiklager-norrkoping-2026/
2026-02-01T22:19:37+00:00,582,https://ungvetenskapssport.se/event/robotiklager-norrkoping-2026/
2026-02-01T22:46:55+00:00,583,https://ungvetenskapssport.se/event/robotiklager-norrkoping-2026/
2026-02-01T23:01:22+00:00,584,https://ungvetenskapssport.se/event/robotiklager-norrkoping-2026/
2026-02-01T23:36:56+00:00,585,https://ungvetenskapssport.se/event/robotiklager-norrkoping-2026/
2026-02-02T01:51:01+00:00,586,https://ungvetenskapssport.se/event/robotiklager-norrkoping-2026/
2026-02-02T04:21:28+00:00,587,https://ungvetenskapssport.se/event/robotiklager-norrkoping-2026/
2026-02-02T05:45:15+00:00,588,https://ungvetenskapssport.se/event/robotiklager-norrkoping-2026/
2026-02-02T06:44:21+00:00,591,https://ungvetenskapssport.se/event/robotiklager-norrkoping-2026/
2026-02-02T07:39:41+00:00,607,https://ungvetenskapssport.se/event/robotiklager-norrkoping-2026/
2026-02-02T08:07:10+00:00,621,https://ungvetenskapssport.se/event/robotiklager-norrkoping-2026/
2026-02-02T09:01:14+00:00,652,https://ungvetenskapssport.se/event/robotiklager-norrkoping-2026/
2026-02-02T10:03:51+00:00,670,https://ungvetenskapssport.se/event/robotiklager-norrkoping-2026/
2026-02-02T11:01:21+00:00,687,https://ungvetenskapssport.se/event/robotiklager-norrkoping-2026/
2026-02-02T11:46:35+00:00,698,https://ungvetenskapssport.se/event/robotiklager-norrkoping-2026/
2026-02-02T13:22:40+00:00,709,https://ungvetenskapssport.se/event/robotiklager-norrkoping-2026/
2026-02-02T14:11:50+00:00,721,https://ungvetenskapssport.se/event/robotiklager-norrkoping-2026/
2026-02-02T15:03:11+00:00,727,https://ungvetenskapssport.se/event/robotiklager-norrkoping-2026/
2026-02-02T15:49:16+00:00,734,https://ungvetenskapssport.se/event/robotiklager-norrkoping-2026/
2026-02-02T16:20:03+00:00,740,https://ungvetenskapssport.se/event/robotiklager-norrkoping-2026/
2026-02-02T17:06:58+00:00,744,https://ungvetenskapssport.se/event/robotiklager-norrkoping-2026/
2026-02-02T17:55:26+00:00,747,https://ungvetenskapssport.se/event/robotiklager-norrkoping-2026/
2026-02-02T18:38:53+00:00,748,https://ungvetenskapssport.se/event/robotiklager-norrkoping-2026/
2026-02-02T23:24:04+00:00,760,https://ungvetenskapssport.se/event/robotiklager-norrkoping-2026/
2026-02-03T01:50:10+00:00,761,https://ungvetenskapssport.se/event/robotiklager-norrkoping-2026/
2026-02-03T04:02:22+00:00,762,https://ungvetenskapssport.se/event/robotiklager-norrkoping-2026/
2026-02-03T05:19:12+00:00,763,https://ungvetenskapssport.se/event/robotiklager-norrkoping-2026/
2026-02-03T06:08:02+00:00,764,https://ungvetenskapssport.se/event/robotiklager-norrkoping-2026/
2026-02-03T07:08:25+00:00,767,https://ungvetenskapssport.se/event/robotiklager-norrkoping-2026/
2026-02-03T07:53:08+00:00,773,https://ungvetenskapssport.se/event/robotiklager-norrkoping-2026/
2026-02-03T08:32:03+00:00,776,https://ungvetenskapssport.se/event/robotiklager-norrkoping-2026/
2026-02-03T09:08:30+00:00,781,https://ungvetenskapssport.se/event/robotiklager-norrkoping-2026/
2026-02-03T09:58:07+00:00,788,https://ungvetenskapssport.se/event/robotiklager-norrkoping-2026/
2026-02-03T11:22:57+00:00,792,https://ungvetenskapssport.se/event/robotiklager-norrkoping-2026/
2026-02-03T11:55:58+00:00,794,https://ungvetenskapssport.se/event/robotiklager-norrkoping-2026/
2026-02-03T12:55:44+00:00,801,https://ungvetenskapssport.se/event/robotiklager-norrkoping-2026/
2026-02-03T13:45:41+00:00,812,https://ungvetenskapssport.se/event/robotiklager-norrkoping-2026/
2026-02-04T07:39:24+00:00,851,https://ungvetenskapssport.se/event/robotiklager-norrkoping-2026/
2026-02-04T07:54:48+00:00,854,https://ungvetenskapssport.se/event/robotiklager-norrkoping-2026/
2026-02-04T08:35:59+00:00,855,https://ungvetenskapssport.se/event/robotiklager-norrkoping-2026/
2026-02-04T09:24:43+00:00,856,https://ungvetenskapssport.se/event/robotiklager-norrkoping-2026/
2026-02-04T10:07:08+00:00,862,https://ungvetenskapssport.se/event/robotiklager-norrkoping-2026/
2026-02-04T10:58:14+00:00,866,https://ungvetenskapssport.se/event/robotiklager-norrkoping-2026/
2026-02-04T11:36:57+00:00,871,https://ungvetenskapssport.se/event/robotiklager-norrkoping-2026/
2026-02-04T11:59:11+00:00,875,https://ungvetenskapssport.se/event/robotiklager-norrkoping-2026/
2026-02-04T13:15:34+00:00,891,https://ungvetenskapssport.se/event/robotiklager-norrkoping-2026/
2026-02-04T14:10:30+00:00,896,https://ungvetenskapssport.se/event/robotiklager-norrkoping-2026/
2026-02-04T15:03:42+00:00,899,https://ungvetenskapssport.se/event/robotiklager-norrkoping-2026/
2026-02-04T15:57:19+00:00,904,https://ungvetenskapssport.se/event/robotiklager-norrkoping-2026/
2026-02-04T16:52:29+00:00,906,https://ungvetenskapssport.se/event/robotiklager-norrkoping-2026/
2026-02-04T17:42:02+00:00,908,https://ungvetenskapssport.se/event/robotiklager-norrkoping-2026/
2026-02-04T18:29:04+00:00,911,https://ungvetenskapssport.se/event/robotiklager-norrkoping-2026/
2026-02-04T19:24:15+00:00,914,https://ungvetenskapssport.se/event/robotiklager-norrkoping-2026/
2026-02-04T19:56:19+00:00,918,https://ungvetenskapssport.se/event/robotiklager-norrkoping-2026/
2026-02-04T20:33:42+00:00,920,https://ungvetenskapssport.se/event/robotiklager-norrkoping-2026/
2026-02-04T21:03:30+00:00,924,https://ungvetenskapssport.se/event/robotiklager-norrkoping-2026/
2026-02-04T21:45:27+00:00,928,https://ungvetenskapssport.se/event/robotiklager-norrkoping-2026/
2026-02-04T21:59:31+00:00,929,https://ungvetenskapssport.se/event/robotiklager-norrkoping-2026/
2026-02-04T22:37:02+00:00,930,https://ungvetenskapssport.se/event/robotiklager-norrkoping-2026/
2026-02-04T22:57:47+00:00,931,https://ungvetenskapssport.se/event/robotiklager-norrkoping-2026/
2026-02-04T23:55:34+00:00,932,https://ungvetenskapssport.se/event/robotiklager-norrkoping-2026/
2026-02-05T01:51:28+00:00,933,https://ungvetenskapssport.se/event/robotiklager-norrkoping-2026/
2026-02-05T04:11:09+00:00,934,https://ungvetenskapssport.se/event/robotiklager-norrkoping-2026/
2026-02-05T05:33:36+00:00,936,https://ungvetenskapssport.se/event/robotiklager-norrkoping-2026/
2026-02-05T06:34:49+00:00,939,https://ungvetenskapssport.se/event/robotiklager-norrkoping-2026/
2026-02-05T07:35:21+00:00,946,https://ungvetenskapssport.se/event/robotiklager-norrkoping-2026/
2026-02-05T08:06:11+00:00,948,https://ungvetenskapssport.se/event/robotiklager-norrkoping-2026/
2026-02-05T08:59:47+00:00,955,https://ungvetenskapssport.se/event/robotiklager-norrkoping-2026/
2026-02-05T09:56:17+00:00,959,https://ungvetenskapssport.se/event/robotiklager-norrkoping-2026/
2026-02-05T10:39:10+00:00,962,https://ungvetenskapssport.se/event/robotiklager-norrkoping-2026/
2026-02-05T11:21:55+00:00,967,https://ungvetenskapssport.se/event/robotiklager-norrkoping-2026/
2026-02-05T11:55:35+00:00,970,https://ungvetenskapssport.se/event/robotiklager-norrkoping-2026/
2026-02-05T12:55:57+00:00,974,https://ungvetenskapssport.se/event/robotiklager-norrkoping-2026/
2026-02-05T14:59:21+00:00,980,https://ungvetenskapssport.se/event/robotiklager-norrkoping-2026/
2026-02-05T15:49:39+00:00,986,https://ungvetenskapssport.se/event/robotiklager-norrkoping-2026/
2026-02-05T16:29:33+00:00,988,https://ungvetenskapssport.se/event/robotiklager-norrkoping-2026/
2026-02-05T17:27:58+00:00,989,https://ungvetenskapssport.se/event/robotiklager-norrkoping-2026/
2026-02-05T18:11:12+00:00,991,https://ungvetenskapssport.se/event/robotiklager-norrkoping-2026/
2026-02-05T19:08:37+00:00,992,https://ungvetenskapssport.se/event/robotiklager-norrkoping-2026/
2026-02-05T20:17:03+00:00,997,https://ungvetenskapssport.se/event/robotiklager-norrkoping-2026/
2026-02-05T20:53:24+00:00,1001,https://ungvetenskapssport.se/event/robotiklager-norrkoping-2026/
2026-02-05T21:24:31+00:00,1002,https://ungvetenskapssport.se/event/robotiklager-norrkoping-2026/
2026-02-05T21:52:45+00:00,1003,https://ungvetenskapssport.se/event/robotiklager-norrkoping-2026/
2026-02-05T22:22:30+00:00,1004,https://ungvetenskapssport.se/event/robotiklager-norrkoping-2026/
2026-02-05T22:54:23+00:00,1005,https://ungvetenskapssport.se/event/robotiklager-norrkoping-2026/
2026-02-05T23:47:45+00:00,1008,https://ungvetenskapssport.se/event/robotiklager-norrkoping-2026/
2026-02-05T23:59:14+00:00,1009,https://ungvetenskapssport.se/event/robotiklager-norrkoping-2026/
2026-02-06T04:28:39+00:00,1012,https://ungvetenskapssport.se/event/robotiklager-norrkoping-2026/
2026-02-06T05:37:09+00:00,1013,https://ungvetenskapssport.se/event/robotiklager-norrkoping-2026/
2026-02-06T06:32:04+00:00,1014,https://ungvetenskapssport.se/event/robotiklager-norrkoping-2026/
2026-02-06T07:31:52+00:00,1017,https://ungvetenskapssport.se/event/robotiklager-norrkoping-2026/
2026-02-06T08:05:16+00:00,1018,https://ungvetenskapssport.se/event/robotiklager-norrkoping-2026/
2026-02-06T08:58:25+00:00,1023,https://ungvetenskapssport.se/event/robotiklager-norrkoping-2026/
2026-02-06T09:50:55+00:00,1025,https://ungvetenskapssport.se/event/robotiklager-norrkoping-2026/
2026-02-06T10:34:56+00:00,1027,https://ungvetenskapssport.se/event/robotiklager-norrkoping-2026/
2026-02-06T11:18:57+00:00,1032,https://ungvetenskapssport.se/event/robotiklager-norrkoping-2026/
2026-02-06T11:50:25+00:00,1034,https://ungvetenskapssport.se/event/robotiklager-norrkoping-2026/
2026-02-06T12:51:13+00:00,1037,https://ungvetenskapssport.se/event/robotiklager-norrkoping-2026/
2026-02-06T14:48:17+00:00,1042,https://ungvetenskapssport.se/event/robotiklager-norrkoping-2026/
2026-02-06T15:26:40+00:00,1043,https://ungvetenskapssport.se/event/robotiklager-norrkoping-2026/
2026-02-06T17:55:32+00:00,1044,https://ungvetenskapssport.se/event/robotiklager-norrkoping-2026/
2026-02-06T18:43:55+00:00,1045,https://ungvetenskapssport.se/event/robotiklager-norrkoping-2026/
2026-02-06T19:28:00+00:00,1046,https://ungvetenskapssport.se/event/robotiklager-norrkoping-2026/
2026-02-06T19:57:03+00:00,1049,https://ungvetenskapssport.se/event/robotiklager-norrkoping-2026/
2026-02-06T20:35:26+00:00,1050,https://ungvetenskapssport.se/event/robotiklager-norrkoping-2026/
2026-02-06T21:02:10+00:00,1052,https://ungvetenskapssport.se/event/robotiklager-norrkoping-2026/
2026-02-06T21:42:42+00:00,1054,https://ungvetenskapssport.se/event/robotiklager-norrkoping-2026/
2026-02-06T21:58:39+00:00,1055,https://ungvetenskapssport.se/event/robotiklager-norrkoping-2026/
2026-02-06T22:31:21+00:00,1056,https://ungvetenskapssport.se/event/robotiklager-norrkoping-2026/
2026-02-06T22:54:27+00:00,1057,https://ungvetenskapssport.se/event/robotiklager-norrkoping-2026/
2026-02-06T23:21:23+00:00,1062,https://ungvetenskapssport.se/event/robotiklager-norrkoping-2026/
2026-02-06T23:48:34+00:00,1064,https://ungvetenskapssport.se/event/robotiklager-norrkoping-2026/
2026-02-07T00:01:32+00:00,1065,https://ungvetenskapssport.se/event/robotiklager-norrkoping-2026/
2026-02-07T02:47:55+00:00,1067,https://ungvetenskapssport.se/event/robotiklager-norrkoping-2026/
2026-02-07T04:22:10+00:00,1068,https://ungvetenskapssport.se/event/robotiklager-norrkoping-2026/
2026-02-07T06:01:31+00:00,1069,https://ungvetenskapssport.se/event/robotiklager-norrkoping-2026/
2026-02-07T06:58:29+00:00,1070,https://ungvetenskapssport.se/event/robotiklager-norrkoping-2026/
2026-02-07T07:35:21+00:00,1072,https://ungvetenskapssport.se/event/robotiklager-norrkoping-2026/
2026-02-07T07:54:54+00:00,1074,https://ungvetenskapssport.se/event/robotiklager-norrkoping-2026/
2026-02-07T08:26:04+00:00,1075,https://ungvetenskapssport.se/event/robotiklager-norrkoping-2026/
2026-02-07T08:55:46+00:00,1076,https://ungvetenskapssport.se/event/robotiklager-norrkoping-2026/
2026-02-07T09:28:25+00:00,1077,https://ungvetenskapssport.se/event/robotiklager-norrkoping-2026/
2026-02-07T09:54:42+00:00,1078,https://ungvetenskapssport.se/event/robotiklager-norrkoping-2026/
2026-02-07T10:21:15+00:00,1079,https://ungvetenskapssport.se/event/robotiklager-norrkoping-2026/
2026-02-07T11:18:17+00:00,1080,https://ungvetenskapssport.se/event/robotiklager-norrkoping-2026/
2026-02-07T11:53:33+00:00,1082,https://ungvetenskapssport.se/event/robotiklager-norrkoping-2026/
2026-02-07T12:39:28+00:00,1084,https://ungvetenskapssport.se/event/robotiklager-norrkoping-2026/
2026-02-07T14:02:11+00:00,1085,https://ungvetenskapssport.se/event/robotiklager-norrkoping-2026/
2026-02-07T14:39:20+00:00,1086,https://ungvetenskapssport.se/event/robotiklager-norrkoping-2026/
2026-02-07T14:58:34+00:00,1087,https://ungvetenskapssport.se/event/robotiklager-norrkoping-2026/
2026-02-07T15:53:32+00:00,1091,https://ungvetenskapssport.se/event/robotiklager-norrkoping-2026/
2026-02-07T16:25:04+00:00,1092,https://ungvetenskapssport.se/event/robotiklager-norrkoping-2026/
2026-02-07T16:55:51+00:00,1094,https://ungvetenskapssport.se/event/robotiklager-norrkoping-2026/
2026-02-07T17:24:31+00:00,1095,https://ungvetenskapssport.se/event/robotiklager-norrkoping-2026/
2026-02-07T17:50:43+00:00,1096,https://ungvetenskapssport.se/event/robotiklager-norrkoping-2026/
2026-02-07T18:29:06+00:00,1097,https://ungvetenskapssport.se/event/robotiklager-norrkoping-2026/
2026-02-07T19:01:59+00:00,1098,https://ungvetenskapssport.se/event/robotiklager-norrkoping-2026/
2026-02-07T19:33:59+00:00,1102,https://ungvetenskapssport.se/event/robotiklager-norrkoping-2026/
2026-02-07T19:50:23+00:00,1107,https://ungvetenskapssport.se/event/robotiklager-norrkoping-2026/
2026-02-07T20:21:32+00:00,1110,https://ungvetenskapssport.se/event/robotiklager-norrkoping-2026/
2026-02-07T20:50:17+00:00,1111,https://ungvetenskapssport.se/event/robotiklager-norrkoping-2026/
2026-02-07T21:21:36+00:00,1112,https://ungvetenskapssport.se/event/robotiklager-norrkoping-2026/
2026-02-07T21:48:31+00:00,1113,https://ungvetenskapssport.se/event/robotiklager-norrkoping-2026/
2026-02-07T22:00:54+00:00,1114,https://ungvetenskapssport.se/event/robotiklager-norrkoping-2026/
2026-02-07T22:43:02+00:00,1115,https://ungvetenskapssport.se/event/robotiklager-norrkoping-2026/
2026-02-07T23:03:46+00:00,1116,https://ungvetenskapssport.se/event/robotiklager-norrkoping-2026/
2026-02-07T23:44:15+00:00,1117,https://ungvetenskapssport.se/event/robotiklager-norrkoping-2026/
2026-02-08T00:04:22+00:00,1118,https://ungvetenskapssport.se/event/robotiklager-norrkoping-2026/
2026-02-08T03:32:05+00:00,1122,https://ungvetenskapssport.se/event/robotiklager-norrkoping-2026/
2026-02-08T05:15:58+00:00,1124,https://ungvetenskapssport.se/event/robotiklager-norrkoping-2026/
2026-02-08T06:09:02+00:00,1125,https://ungvetenskapssport.se/event/robotiklager-norrkoping-2026/
2026-02-08T07:06:25+00:00,1128,https://ungvetenskapssport.se/event/robotiklager-norrkoping-2026/
2026-02-08T07:47:36+00:00,1129,https://ungvetenskapssport.se/event/robotiklager-norrkoping-2026/
2026-02-08T08:02:16+00:00,1130,https://ungvetenskapssport.se/event/robotiklager-norrkoping-2026/
2026-02-08T09:17:18+00:00,1132,https://ungvetenskapssport.se/event/robotiklager-norrkoping-2026/
2026-02-08T09:47:50+00:00,1135,https://ungvetenskapssport.se/event/robotiklager-norrkoping-2026/
2026-02-08T10:01:14+00:00,1137,https://ungvetenskapssport.se/event/robotiklager-norrkoping-2026/
2026-02-08T10:44:52+00:00,1140,https://ungvetenskapssport.se/event/robotiklager-norrkoping-2026/
2026-02-08T11:33:48+00:00,1141,https://ungvetenskapssport.se/event/robotiklager-norrkoping-2026/
2026-02-08T12:39:50+00:00,1146,https://ungvetenskapssport.se/event/robotiklager-norrkoping-2026/
2026-02-08T13:32:06+00:00,1148,https://ungvetenskapssport.se/event/robotiklager-norrkoping-2026/
2026-02-08T14:03:36+00:00,1149,https://ungvetenskapssport.se/event/robotiklager-norrkoping-2026/
2026-02-08T14:43:04+00:00,1153,https://ungvetenskapssport.se/event/robotiklager-norrkoping-2026/
2026-02-08T15:38:06+00:00,1154,https://ungvetenskapssport.se/event/robotiklager-norrkoping-2026/
2026-02-08T15:55:45+00:00,1155,https://ungvetenskapssport.se/event/robotiklager-norrkoping-2026/
2026-02-08T16:27:53+00:00,1157,https://ungvetenskapssport.se/event/robotiklager-norrkoping-2026/
2026-02-08T16:57:21+00:00,1159,https://ungvetenskapssport.se/event/robotiklager-norrkoping-2026/
2026-02-08T17:28:47+00:00,1161,https://ungvetenskapssport.se/event/robotiklager-norrkoping-2026/
2026-02-08T17:54:05+00:00,1162,https://ungvetenskapssport.se/event/robotiklager-norrkoping-2026/
2026-02-08T18:29:56+00:00,1163,https://ungvetenskapssport.se/event/robotiklager-norrkoping-2026/
2026-02-08T19:03:54+00:00,1164,https://ungvetenskapssport.se/event/robotiklager-norrkoping-2026/
2026-02-08T19:35:28+00:00,1166,https://ungvetenskapssport.se/event/robotiklager-norrkoping-2026/
2026-02-08T19:50:55+00:00,1167,https://ungvetenskapssport.se/event/robotiklager-norrkoping-2026/
2026-02-08T20:21:45+00:00,1168,https://ungvetenskapssport.se/event/robotiklager-norrkoping-2026/
2026-02-08T21:22:58+00:00,1169,https://ungvetenskapssport.se/event/robotiklager-norrkoping-2026/
2026-02-08T21:50:08+00:00,1170,https://ungvetenskapssport.se/event/robotiklager-norrkoping-2026/
2026-02-08T22:12:17+00:00,1171,https://ungvetenskapssport.se/event/robotiklager-norrkoping-2026/
2026-02-08T22:50:02+00:00,1172,https://ungvetenskapssport.se/event/robotiklager-norrkoping-2026/
2026-02-08T23:16:55+00:00,1174,https://ungvetenskapssport.se/event/robotiklager-norrkoping-2026/
2026-02-08T23:48:19+00:00,1175,https://ungvetenskapssport.se/event/robotiklager-norrkoping-2026/
2026-02-09T03:44:04+00:00,1178,https://ungvetenskapssport.se/event/robotiklager-norrkoping-2026/
2026-02-09T05:21:15+00:00,1179,https://ungvetenskapssport.se/event/robotiklager-norrkoping-2026/
2026-02-09T06:40:39+00:00,1182,https://ungvetenskapssport.se/event/robotiklager-norrkoping-2026/
2026-02-09T07:43:29+00:00,1185,https://ungvetenskapssport.se/event/robotiklager-norrkoping-2026/
2026-02-09T08:32:28+00:00,1186,https://ungvetenskapssport.se/event/robotiklager-norrkoping-2026/
2026-02-09T09:39:10+00:00,1189,https://ungvetenskapssport.se/event/robotiklager-norrkoping-2026/
2026-02-09T10:40:06+00:00,1193,https://ungvetenskapssport.se/event/robotiklager-norrkoping-2026/
2026-02-09T11:30:26+00:00,1198,https://ungvetenskapssport.se/event/robotiklager-norrkoping-2026/
2026-02-09T13:44:29+00:00,1204,https://ungvetenskapssport.se/event/robotiklager-norrkoping-2026/
2026-02-09T14:41:48+00:00,1206,https://ungvetenskapssport.se/event/robotiklager-norrkoping-2026/
2026-02-09T15:39:11+00:00,1207,https://ungvetenskapssport.se/event/robotiklager-norrkoping-2026/
2026-02-09T17:37:43+00:00,1209,https://ungvetenskapssport.se/event/robotiklager-norrkoping-2026/
2026-02-09T18:33:39+00:00,1211,https://ungvetenskapssport.se/event/robotiklager-norrkoping-2026/
2026-02-09T19:49:19+00:00,1212,https://ungvetenskapssport.se/event/robotiklager-norrkoping-2026/
2026-02-09T20:25:23+00:00,1213,https://ungvetenskapssport.se/event/robotiklager-norrkoping-2026/
2026-02-09T21:04:21+00:00,1214,https://ungvetenskapssport.se/event/robotiklager-norrkoping-2026/
2026-02-09T21:52:33+00:00,1215,https://ungvetenskapssport.se/event/robotiklager-norrkoping-2026/
2026-02-09T22:31:59+00:00,1217,https://ungvetenskapssport.se/event/robotiklager-norrkoping-2026/
2026-02-09T23:09:20+00:00,1218,https://ungvetenskapssport.se/event/robotiklager-norrkoping-2026/
2026-02-09T23:52:22+00:00,1219,https://ungvetenskapssport.se/event/robotiklager-norrkoping-2026/
2026-02-10T02:03:40+00:00,1220,https://ungvetenskapssport.se/event/robotiklager-norrkoping-2026/
2026-02-10T04:36:59+00:00,1222,https://ungvetenskapssport.se/event/robotiklager-norrkoping-2026/
2026-02-10T06:00:46+00:00,1223,https://ungvetenskapssport.se/event/robotiklager-norrkoping-2026/
2026-02-10T07:19:48+00:00,1224,https://ungvetenskapssport.se/event/robotiklager-norrkoping-2026/
2026-02-10T08:07:07+00:00,1226,https://ungvetenskapssport.se/event/robotiklager-norrkoping-2026/
2026-02-10T09:09:58+00:00,1229,https://ungvetenskapssport.se/event/robotiklager-norrkoping-2026/
2026-02-10T10:11:14+00:00,1230,https://ungvetenskapssport.se/event/robotiklager-norrkoping-2026/
2026-02-10T11:13:42+00:00,1232,https://ungvetenskapssport.se/event/robotiklager-norrkoping-2026/
2026-02-10T12:01:11+00:00,1233,https://ungvetenskapssport.se/event/robotiklager-norrkoping-2026/
2026-02-10T13:49:24+00:00,1235,https://ungvetenskapssport.se/event/robotiklager-norrkoping-2026/
2026-02-10T14:48:10+00:00,1237,https://ungvetenskapssport.se/event/robotiklager-norrkoping-2026/
2026-02-10T15:51:27+00:00,1238,https://ungvetenskapssport.se/event/robotiklager-norrkoping-2026/
2026-02-10T16:58:49+00:00,1241,https://ungvetenskapssport.se/event/robotiklager-norrkoping-2026/
2026-02-10T18:05:54+00:00,1243,https://ungvetenskapssport.se/event/robotiklager-norrkoping-2026/
2026-02-10T19:22:07+00:00,1245,https://ungvetenskapssport.se/event/robotiklager-norrkoping-2026/
2026-02-10T20:06:51+00:00,1247,https://ungvetenskapssport.se/event/robotiklager-norrkoping-2026/
2026-02-10T20:58:40+00:00,1249,https://ungvetenskapssport.se/event/robotiklager-norrkoping-2026/
2026-02-10T22:25:21+00:00,1252,https://ungvetenskapssport.se/event/robotiklager-norrkoping-2026/
2026-02-10T23:07:14+00:00,1254,https://ungvetenskapssport.se/event/robotiklager-norrkoping-2026/
2026-02-11T01:59:09+00:00,1255,https://ungvetenskapssport.se/event/robotiklager-norrkoping-2026/
2026-02-11T04:33:44+00:00,1256,https://ungvetenskapssport.se/event/robotiklager-norrkoping-2026/
2026-02-11T05:53:56+00:00,1257,https://ungvetenskapssport.se/event/robotiklager-norrkoping-2026/
2026-02-11T06:56:27+00:00,1258,https://ungvetenskapssport.se/event/robotiklager-norrkoping-2026/
2026-02-11T07:55:14+00:00,1259,https://ungvetenskapssport.se/event/robotiklager-norrkoping-2026/
2026-02-11T09:37:35+00:00,1261,https://ungvetenskapssport.se/event/robotiklager-norrkoping-2026/
2026-02-11T10:31:58+00:00,1262,https://ungvetenskapssport.se/event/robotiklager-norrkoping-2026/
2026-02-11T11:28:48+00:00,1263,https://ungvetenskapssport.se/event/robotiklager-norrkoping-2026/
2026-02-11T13:45:15+00:00,1264,https://ungvetenskapssport.se/event/robotiklager-norrkoping-2026/
2026-02-11T14:42:21+00:00,1265,https://ungvetenskapssport.se/event/robotiklager-norrkoping-2026/
2026-02-11T16:45:05+00:00,1266,https://ungvetenskapssport.se/event/robotiklager-norrkoping-2026/
2026-02-11T17:42:55+00:00,1267,https://ungvetenskapssport.se/event/robotiklager-norrkoping-2026/
2026-02-11T19:44:27+00:00,1271,https://ungvetenskapssport.se/event/robotiklager-norrkoping-2026/
2026-02-11T21:02:16+00:00,1272,https://ungvetenskapssport.se/event/robotiklager-norrkoping-2026/
2026-02-11T21:46:14+00:00,1273,https://ungvetenskapssport.se/event/robotiklager-norrkoping-2026/
2026-02-11T22:17:59+00:00,1274,https://ungvetenskapssport.se/event/robotiklager-norrkoping-2026/
2026-02-11T22:53:53+00:00,1276,https://ungvetenskapssport.se/event/robotiklager-norrkoping-2026/
2026-02-11T23:28:08+00:00,1278,https://ungvetenskapssport.se/event/robotiklager-norrkoping-2026/
2026-02-11T23:54:15+00:00,1279,https://ungvetenskapssport.se/event/robotiklager-norrkoping-2026/
2026-02-12T01:52:19+00:00,1280,https://ungvetenskapssport.se/event/robotiklager-norrkoping-2026/
2026-02-12T04:22:23+00:00,1281,https://ungvetenskapssport.se/event/robotiklager-norrkoping-2026/
2026-02-12T05:46:36+00:00,1283,https://ungvetenskapssport.se/event/robotiklager-norrkoping-2026/
2026-02-12T06:44:05+00:00,1284,https://ungvetenskapssport.se/event/robotiklager-norrkoping-2026/
2026-02-12T07:40:47+00:00,1285,https://ungvetenskapssport.se/event/robotiklager-norrkoping-2026/
2026-02-12T08:28:13+00:00,1288,https://ungvetenskapssport.se/event/robotiklager-norrkoping-2026/
2026-02-12T09:12:54+00:00,1289,https://ungvetenskapssport.se/event/robotiklager-norrkoping-2026/
2026-02-12T10:09:35+00:00,1298,https://ungvetenskapssport.se/event/robotiklager-norrkoping-2026/
2026-02-12T11:06:41+00:00,1300,https://ungvetenskapssport.se/event/robotiklager-norrkoping-2026/
2026-02-12T11:52:22+00:00,1304,https://ungvetenskapssport.se/event/robotiklager-norrkoping-2026/
2026-02-12T12:58:14+00:00,1306,https://ungvetenskapssport.se/event/robotiklager-norrkoping-2026/
2026-02-12T14:12:45+00:00,1307,https://ungvetenskapssport.se/event/robotiklager-norrkoping-2026/
2026-02-12T15:08:44+00:00,1308,https://ungvetenskapssport.se/event/robotiklager-norrkoping-2026/
2026-02-12T16:07:07+00:00,1318,https://ungvetenskapssport.se/event/robotiklager-norrkoping-2026/
2026-02-12T18:09:24+00:00,1324,https://ungvetenskapssport.se/event/robotiklager-norrkoping-2026/
2026-02-12T19:19:11+00:00,1327,https://ungvetenskapssport.se/event/robotiklager-norrkoping-2026/
2026-02-12T19:54:42+00:00,1332,https://ungvetenskapssport.se/event/robotiklager-norrkoping-2026/
2026-02-12T20:31:00+00:00,1333,https://ungvetenskapssport.se/event/robotiklager-norrkoping-2026/
2026-02-12T21:02:57+00:00,1336,https://ungvetenskapssport.se/event/robotiklager-norrkoping-2026/
2026-02-12T21:47:25+00:00,1337,https://ungvetenskapssport.se/event/robotiklager-norrkoping-2026/
2026-02-12T22:16:03+00:00,1341,https://ungvetenskapssport.se/event/robotiklager-norrkoping-2026/
2026-02-12T22:51:07+00:00,1346,https://ungvetenskapssport.se/event/robotiklager-norrkoping-2026/
2026-02-12T23:52:27+00:00,1350,https://ungvetenskapssport.se/event/robotiklager-norrkoping-2026/
2026-02-13T04:18:28+00:00,1352,https://ungvetenskapssport.se/event/robotiklager-norrkoping-2026/
2026-02-13T05:40:01+00:00,1353,https://ungvetenskapssport.se/event/robotiklager-norrkoping-2026/
2026-02-13T06:39:32+00:00,1356,https://ungvetenskapssport.se/event/robotiklager-norrkoping-2026/
2026-02-13T07:37:42+00:00,1358,https://ungvetenskapssport.se/event/robotiklager-norrkoping-2026/
2026-02-13T08:24:18+00:00,1362,https://ungvetenskapssport.se/event/robotiklager-norrkoping-2026/
2026-02-13T09:59:28+00:00,1366,https://ungvetenskapssport.se/event/robotiklager-norrkoping-2026/
2026-02-13T10:51:15+00:00,1368,https://ungvetenskapssport.se/event/robotiklager-norrkoping-2026/
2026-02-13T11:28:28+00:00,1372,https://ungvetenskapssport.se/event/robotiklager-norrkoping-2026/
2026-02-13T11:55:41+00:00,1373,https://ungvetenskapssport.se/event/robotiklager-norrkoping-2026/
2026-02-13T12:54:08+00:00,1374,https://ungvetenskapssport.se/event/robotiklager-norrkoping-2026/
2026-02-13T13:59:25+00:00,1376,https://ungvetenskapssport.se/event/robotiklager-norrkoping-2026/
2026-02-13T14:50:58+00:00,1377,https://ungvetenskapssport.se/event/robotiklager-norrkoping-2026/
2026-02-13T15:38:09+00:00,1378,https://ungvetenskapssport.se/event/robotiklager-norrkoping-2026/
2026-02-13T16:25:00+00:00,1379,https://ungvetenskapssport.se/event/robotiklager-norrkoping-2026/
2026-02-13T17:12:15+00:00,1380,https://ungvetenskapssport.se/event/robotiklager-norrkoping-2026/
2026-02-13T17:58:33+00:00,1381,https://ungvetenskapssport.se/event/robotiklager-norrkoping-2026/
2026-02-13T19:43:47+00:00,1383,https://ungvetenskapssport.se/event/robotiklager-norrkoping-2026/
2026-02-13T20:18:55+00:00,1384,https://ungvetenskapssport.se/event/robotiklager-norrkoping-2026/
2026-02-13T20:59:19+00:00,1385,https://ungvetenskapssport.se/event/robotiklager-norrkoping-2026/
2026-02-13T21:42:04+00:00,1386,https://ungvetenskapssport.se/event/robotiklager-norrkoping-2026/
2026-02-13T22:16:33+00:00,1387,https://ungvetenskapssport.se/event/robotiklager-norrkoping-2026/
2026-02-13T22:54:51+00:00,1389,https://ungvetenskapssport.se/event/robotiklager-norrkoping-2026/
2026-02-13T23:27:00+00:00,1390,https://ungvetenskapssport.se/event/robotiklager-norrkoping-2026/
2026-02-13T23:53:00+00:00,1391,https://ungvetenskapssport.se/event/robotiklager-norrkoping-2026/
2026-02-14T01:45:02+00:00,1392,https://ungvetenskapssport.se/event/robotiklager-norrkoping-2026/
2026-02-14T03:56:39+00:00,1393,https://ungvetenskapssport.se/event/robotiklager-norrkoping-2026/
2026-02-14T05:08:37+00:00,1394,https://ungvetenskapssport.se/event/robotiklager-norrkoping-2026/
2026-02-14T05:58:21+00:00,1395,https://ungvetenskapssport.se/event/robotiklager-norrkoping-2026/
2026-02-14T06:53:03+00:00,1396,https://ungvetenskapssport.se/event/robotiklager-norrkoping-2026/
2026-02-14T07:57:19+00:00,1397,https://ungvetenskapssport.se/event/robotiklager-norrkoping-2026/
2026-02-14T08:35:12+00:00,1399,https://ungvetenskapssport.se/event/robotiklager-norrkoping-2026/
2026-02-14T09:01:10+00:00,1400,https://ungvetenskapssport.se/event/robotiklager-norrkoping-2026/
2026-02-14T09:43:22+00:00,1401,https://ungvetenskapssport.se/event/robotiklager-norrkoping-2026/
2026-02-14T10:43:01+00:00,1402,https://ungvetenskapssport.se/event/robotiklager-norrkoping-2026/
2026-02-14T11:01:37+00:00,1403,https://ungvetenskapssport.se/event/robotiklager-norrkoping-2026/
2026-02-14T11:33:10+00:00,1404,https://ungvetenskapssport.se/event/robotiklager-norrkoping-2026/
2026-02-14T11:51:28+00:00,1405,https://ungvetenskapssport.se/event/robotiklager-norrkoping-2026/
2026-02-14T12:38:32+00:00,1406,https://ungvetenskapssport.se/event/robotiklager-norrkoping-2026/
2026-02-14T13:30:21+00:00,1409,https://ungvetenskapssport.se/event/robotiklager-norrkoping-2026/
2026-02-14T14:02:23+00:00,1410,https://ungvetenskapssport.se/event/robotiklager-norrkoping-2026/
2026-02-14T14:40:45+00:00,1411,https://ungvetenskapssport.se/event/robotiklager-norrkoping-2026/
2026-02-14T15:01:05+00:00,1413,https://ungvetenskapssport.se/event/robotiklager-norrkoping-2026/
2026-02-14T15:37:37+00:00,1414,https://ungvetenskapssport.se/event/robotiklager-norrkoping-2026/
2026-02-14T15:54:57+00:00,1415,https://ungvetenskapssport.se/event/robotiklager-norrkoping-2026/
2026-02-14T16:24:00+00:00,1416,https://ungvetenskapssport.se/event/robotiklager-norrkoping-2026/
2026-02-14T16:55:30+00:00,1419,https://ungvetenskapssport.se/event/robotiklager-norrkoping-2026/
2026-02-14T17:23:44+00:00,1420,https://ungvetenskapssport.se/event/robotiklager-norrkoping-2026/
2026-02-14T17:49:39+00:00,1422,https://ungvetenskapssport.se/event/robotiklager-norrkoping-2026/
2026-02-14T19:20:13+00:00,1424,https://ungvetenskapssport.se/event/robotiklager-norrkoping-2026/
2026-02-14T19:43:54+00:00,1425,https://ungvetenskapssport.se/event/robotiklager-norrkoping-2026/
2026-02-14T20:27:53+00:00,1426,https://ungvetenskapssport.se/event/robotiklager-norrkoping-2026/
2026-02-14T20:51:35+00:00,1427,https://ungvetenskapssport.se/event/robotiklager-norrkoping-2026/
2026-02-14T21:19:53+00:00,1428,https://ungvetenskapssport.se/event/robotiklager-norrkoping-2026/
2026-02-14T21:42:45+00:00,1429,https://ungvetenskapssport.se/event/robotiklager-norrkoping-2026/
2026-02-14T21:58:11+00:00,1431,https://ungvetenskapssport.se/event/robotiklager-norrkoping-2026/
2026-02-14T22:28:53+00:00,1432,https://ungvetenskapssport.se/event/robotiklager-norrkoping-2026/
2026-02-14T22:52:27+00:00,1435,https://ungvetenskapssport.se/event/robotiklager-norrkoping-2026/
2026-02-14T23:42:47+00:00,1436,https://ungvetenskapssport.se/event/robotiklager-norrkoping-2026/
2026-02-14T23:58:59+00:00,1437,https://ungvetenskapssport.se/event/robotiklager-norrkoping-2026/
2026-02-15T02:49:53+00:00,1438,https://ungvetenskapssport.se/event/robotiklager-norrkoping-2026/
2026-02-15T04:46:50+00:00,1439,https://ungvetenskapssport.se/event/robotiklager-norrkoping-2026/
2026-02-15T05:45:30+00:00,1440,https://ungvetenskapssport.se/event/robotiklager-norrkoping-2026/
2026-02-15T06:33:51+00:00,1441,https://ungvetenskapssport.se/event/robotiklager-norrkoping-2026/
2026-02-15T07:24:51+00:00,1442,https://ungvetenskapssport.se/event/robotiklager-norrkoping-2026/
2026-02-15T07:55:19+00:00,1443,https://ungvetenskapssport.se/event/robotiklager-norrkoping-2026/
2026-02-15T08:59:56+00:00,1445,https://ungvetenskapssport.se/event/robotiklager-norrkoping-2026/
2026-02-15T09:41:00+00:00,1446,https://ungvetenskapssport.se/event/robotiklager-norrkoping-2026/
2026-02-15T10:00:35+00:00,1447,https://ungvetenskapssport.se/event/robotiklager-norrkoping-2026/
2026-02-15T10:43:29+00:00,1448,https://ungvetenskapssport.se/event/robotiklager-norrkoping-2026/
2026-02-15T11:01:38+00:00,1449,https://ungvetenskapssport.se/event/robotiklager-norrkoping-2026/
2026-02-15T11:33:38+00:00,1451,https://ungvetenskapssport.se/event/robotiklager-norrkoping-2026/
2026-02-15T11:51:17+00:00,1453,https://ungvetenskapssport.se/event/robotiklager-norrkoping-2026/
2026-02-15T12:40:55+00:00,1454,https://ungvetenskapssport.se/event/robotiklager-norrkoping-2026/
2026-02-15T13:34:41+00:00,1456,https://ungvetenskapssport.se/event/robotiklager-norrkoping-2026/
2026-02-15T14:41:49+00:00,1457,https://ungvetenskapssport.se/event/robotiklager-norrkoping-2026/
2026-02-15T15:02:09+00:00,1458,https://ungvetenskapssport.se/event/robotiklager-norrkoping-2026/
2026-02-15T15:36:41+00:00,1459,https://ungvetenskapssport.se/event/robotiklager-norrkoping-2026/
2026-02-15T15:53:42+00:00,1460,https://ungvetenskapssport.se/event/robotiklager-norrkoping-2026/
2026-02-15T16:24:20+00:00,1461,https://ungvetenskapssport.se/event/robotiklager-norrkoping-2026/
2026-02-15T16:55:21+00:00,1463,https://ungvetenskapssport.se/event/robotiklager-norrkoping-2026/
2026-02-15T17:22:46+00:00,1464,https://ungvetenskapssport.se/event/robotiklager-norrkoping-2026/
2026-02-15T19:02:51+00:00,1465,https://ungvetenskapssport.se/event/robotiklager-norrkoping-2026/
2026-02-15T19:35:53+00:00,1466,https://ungvetenskapssport.se/event/robotiklager-norrkoping-2026/
2026-02-15T19:51:36+00:00,1467,https://ungvetenskapssport.se/event/robotiklager-norrkoping-2026/
2026-02-15T20:21:07+00:00,1468,https://ungvetenskapssport.se/event/robotiklager-norrkoping-2026/
2026-02-15T20:49:55+00:00,1469,https://ungvetenskapssport.se/event/robotiklager-norrkoping-2026/
2026-02-15T21:58:32+00:00,1471,https://ungvetenskapssport.se/event/robotiklager-norrkoping-2026/
2026-02-15T22:30:25+00:00,1473,https://ungvetenskapssport.se/event/robotiklager-norrkoping-2026/
2026-02-15T22:56:50+00:00,1474,https://ungvetenskapssport.se/event/robotiklager-norrkoping-2026/
2026-02-15T23:27:27+00:00,1475,https://ungvetenskapssport.se/event/robotiklager-norrkoping-2026/
2026-02-15T23:51:21+00:00,1476,https://ungvetenskapssport.se/event/robotiklager-norrkoping-2026/
2026-02-16T01:50:37+00:00,1477,https://ungvetenskapssport.se/event/robotiklager-norrkoping-2026/
2026-02-16T04:22:30+00:00,1478,https://ungvetenskapssport.se/event/robotiklager-norrkoping-2026/
2026-02-16T05:49:31+00:00,1479,https://ungvetenskapssport.se/event/robotiklager-norrkoping-2026/
2026-02-16T06:46:39+00:00,1480,https://ungvetenskapssport.se/event/robotiklager-norrkoping-2026/
2026-02-16T07:42:53+00:00,1483,https://ungvetenskapssport.se/event/robotiklager-norrkoping-2026/
2026-02-16T08:29:11+00:00,1487,https://ungvetenskapssport.se/event/robotiklager-norrkoping-2026/
2026-02-16T09:30:55+00:00,1491,https://ungvetenskapssport.se/event/robotiklager-norrkoping-2026/
2026-02-16T10:31:13+00:00,1493,https://ungvetenskapssport.se/event/robotiklager-norrkoping-2026/
2026-02-16T11:25:05+00:00,1496,https://ungvetenskapssport.se/event/robotiklager-norrkoping-2026/
2026-02-16T11:58:39+00:00,1497,https://ungvetenskapssport.se/event/robotiklager-norrkoping-2026/
2026-02-16T13:16:27+00:00,1502,https://ungvetenskapssport.se/event/robotiklager-norrkoping-2026/
2026-02-16T14:12:37+00:00,1504,https://ungvetenskapssport.se/event/robotiklager-norrkoping-2026/
2026-02-16T15:03:59+00:00,1506,https://ungvetenskapssport.se/event/robotiklager-norrkoping-2026/
2026-02-16T15:53:58+00:00,1507,https://ungvetenskapssport.se/event/robotiklager-norrkoping-2026/
2026-02-16T16:37:57+00:00,1508,https://ungvetenskapssport.se/event/robotiklager-norrkoping-2026/
2026-02-16T17:23:24+00:00,1509,https://ungvetenskapssport.se/event/robotiklager-norrkoping-2026/
2026-02-16T18:01:24+00:00,1512,https://ungvetenskapssport.se/event/robotiklager-norrkoping-2026/
2026-02-16T19:00:15+00:00,1513,https://ungvetenskapssport.se/event/robotiklager-norrkoping-2026/
2026-02-16T19:41:35+00:00,1515,https://ungvetenskapssport.se/event/robotiklager-norrkoping-2026/
2026-02-16T20:00:55+00:00,1516,https://ungvetenskapssport.se/event/robotiklager-norrkoping-2026/
2026-02-16T20:46:36+00:00,1517,https://ungvetenskapssport.se/event/robotiklager-norrkoping-2026/
2026-02-16T21:13:59+00:00,1520,https://ungvetenskapssport.se/event/robotiklager-norrkoping-2026/
2026-02-16T21:46:11+00:00,1522,https://ungvetenskapssport.se/event/robotiklager-norrkoping-2026/
2026-02-16T22:01:14+00:00,1525,https://ungvetenskapssport.se/event/robotiklager-norrkoping-2026/
2026-02-16T22:46:08+00:00,1527,https://ungvetenskapssport.se/event/robotiklager-norrkoping-2026/
2026-02-16T23:14:15+00:00,1528,https://ungvetenskapssport.se/event/robotiklager-norrkoping-2026/
2026-02-16T23:46:23+00:00,1529,https://ungvetenskapssport.se/event/robotiklager-norrkoping-2026/
2026-02-17T03:10:59+00:00,1530,https://ungvetenskapssport.se/event/robotiklager-norrkoping-2026/
2026-02-17T05:04:19+00:00,1531,https://ungvetenskapssport.se/event/robotiklager-norrkoping-2026/
2026-02-17T06:07:34+00:00,1532,https://ungvetenskapssport.se/event/robotiklager-norrkoping-2026/
2026-02-17T07:13:51+00:00,1533,https://ungvetenskapssport.se/event/robotiklager-norrkoping-2026/
2026-02-17T08:00:24+00:00,1535,https://ungvetenskapssport.se/event/robotiklager-norrkoping-2026/
2026-02-17T09:01:19+00:00,1536,https://ungvetenskapssport.se/event/robotiklager-norrkoping-2026/
2026-02-17T10:03:16+00:00,1537,https://ungvetenskapssport.se/event/robotiklager-norrkoping-2026/
2026-02-17T11:01:54+00:00,1540,https://ungvetenskapssport.se/event/robotiklager-norrkoping-2026/
2026-02-17T11:50:23+00:00,1541,https://ungvetenskapssport.se/event/robotiklager-norrkoping-2026/
2026-02-17T12:54:48+00:00,1542,https://ungvetenskapssport.se/event/robotiklager-norrkoping-2026/
2026-02-17T14:05:00+00:00,1546,https://ungvetenskapssport.se/event/robotiklager-norrkoping-2026/
2026-02-17T16:03:59+00:00,1552,https://ungvetenskapssport.se/event/robotiklager-norrkoping-2026/
2026-02-17T17:12:07+00:00,1554,https://ungvetenskapssport.se/event/robotiklager-norrkoping-2026/
2026-02-17T18:08:24+00:00,1556,https://ungvetenskapssport.se/event/robotiklager-norrkoping-2026/
2026-02-17T19:13:24+00:00,1558,https://ungvetenskapssport.se/event/robotiklager-norrkoping-2026/
2026-02-17T19:53:44+00:00,1559,https://ungvetenskapssport.se/event/robotiklager-norrkoping-2026/
2026-02-17T20:32:15+00:00,1560,https://ungvetenskapssport.se/event/robotiklager-norrkoping-2026/
2026-02-17T21:06:02+00:00,1561,https://ungvetenskapssport.se/event/robotiklager-norrkoping-2026/
2026-02-17T21:46:54+00:00,1562,https://ungvetenskapssport.se/event/robotiklager-norrkoping-2026/
2026-02-17T22:03:15+00:00,1563,https://ungvetenskapssport.se/event/robotiklager-norrkoping-2026/
2026-02-17T22:48:56+00:00,1564,https://ungvetenskapssport.se/event/robotiklager-norrkoping-2026/
2026-02-17T23:15:24+00:00,1565,https://ungvetenskapssport.se/event/robotiklager-norrkoping-2026/
2026-02-17T23:46:50+00:00,1566,https://ungvetenskapssport.se/event/robotiklager-norrkoping-2026/
2026-02-18T00:03:03+00:00,1567,https://ungvetenskapssport.se/event/robotiklager-norrkoping-2026/
2026-02-18T03:14:12+00:00,1570,https://ungvetenskapssport.se/event/robotiklager-norrkoping-2026/
2026-02-18T05:04:59+00:00,1571,https://ungvetenskapssport.se/event/robotiklager-norrkoping-2026/
2026-02-18T06:12:01+00:00,1572,https://ungvetenskapssport.se/event/robotiklager-norrkoping-2026/
2026-02-18T07:18:32+00:00,1574,https://ungvetenskapssport.se/event/robotiklager-norrkoping-2026/
2026-02-18T08:00:57+00:00,1575,https://ungvetenskapssport.se/event/robotiklager-norrkoping-2026/
2026-02-18T09:00:28+00:00,1577,https://ungvetenskapssport.se/event/robotiklager-norrkoping-2026/
2026-02-18T10:01:50+00:00,1579,https://ungvetenskapssport.se/event/robotiklager-norrkoping-2026/
2026-02-18T11:01:34+00:00,1580,https://ungvetenskapssport.se/event/robotiklager-norrkoping-2026/
2026-02-18T11:50:56+00:00,1582,https://ungvetenskapssport.se/event/robotiklager-norrkoping-2026/
2026-02-18T12:55:17+00:00,1584,https://ungvetenskapssport.se/event/robotiklager-norrkoping-2026/
2026-02-18T14:05:44+00:00,1586,https://ungvetenskapssport.se/event/robotiklager-norrkoping-2026/
2026-02-18T16:03:40+00:00,1589,https://ungvetenskapssport.se/event/robotiklager-norrkoping-2026/
2026-02-18T17:16:46+00:00,1590,https://ungvetenskapssport.se/event/robotiklager-norrkoping-2026/
2026-02-18T18:03:42+00:00,1591,https://ungvetenskapssport.se/event/robotiklager-norrkoping-2026/
2026-02-18T19:10:34+00:00,1595,https://ungvetenskapssport.se/event/robotiklager-norrkoping-2026/
2026-02-18T19:57:28+00:00,1597,https://ungvetenskapssport.se/event/robotiklager-norrkoping-2026/
2026-02-18T20:42:02+00:00,1599,https://ungvetenskapssport.se/event/robotiklager-norrkoping-2026/
2026-02-18T21:25:48+00:00,1601,https://ungvetenskapssport.se/event/robotiklager-norrkoping-2026/
2026-02-18T21:56:17+00:00,1602,https://ungvetenskapssport.se/event/robotiklager-norrkoping-2026/
2026-02-18T22:31:50+00:00,1603,https://ungvetenskapssport.se/event/robotiklager-norrkoping-2026/
2026-02-18T23:03:01+00:00,1604,https://ungvetenskapssport.se/event/robotiklager-norrkoping-2026/
2026-02-18T23:40:55+00:00,1605,https://ungvetenskapssport.se/event/robotiklager-norrkoping-2026/
2026-02-19T00:02:15+00:00,1606,https://ungvetenskapssport.se/event/robotiklager-norrkoping-2026/
2026-02-19T03:12:37+00:00,1607,https://ungvetenskapssport.se/event/robotiklager-norrkoping-2026/
2026-02-19T05:04:02+00:00,1608,https://ungvetenskapssport.se/event/robotiklager-norrkoping-2026/
2026-02-19T06:11:16+00:00,1609,https://ungvetenskapssport.se/event/robotiklager-norrkoping-2026/
2026-02-19T07:17:40+00:00,1611,https://ungvetenskapssport.se/event/robotiklager-norrkoping-2026/
2026-02-19T07:59:48+00:00,1612,https://ungvetenskapssport.se/event/robotiklager-norrkoping-2026/
2026-02-19T08:56:48+00:00,1615,https://ungvetenskapssport.se/event/robotiklager-norrkoping-2026/
2026-02-19T09:46:33+00:00,1619,https://ungvetenskapssport.se/event/robotiklager-norrkoping-2026/
2026-02-19T10:29:03+00:00,1621,https://ungvetenskapssport.se/event/robotiklager-norrkoping-2026/
2026-02-19T11:23:11+00:00,1622,https://ungvetenskapssport.se/event/robotiklager-norrkoping-2026/
2026-02-19T11:59:23+00:00,1623,https://ungvetenskapssport.se/event/robotiklager-norrkoping-2026/
2026-02-19T13:23:51+00:00,1628,https://ungvetenskapssport.se/event/robotiklager-norrkoping-2026/
2026-02-19T14:29:47+00:00,1630,https://ungvetenskapssport.se/event/robotiklager-norrkoping-2026/
2026-02-19T15:24:10+00:00,1632,https://ungvetenskapssport.se/event/robotiklager-norrkoping-2026/
2026-02-19T16:11:27+00:00,1635,https://ungvetenskapssport.se/event/robotiklager-norrkoping-2026/
2026-02-19T17:15:39+00:00,1639,https://ungvetenskapssport.se/event/robotiklager-norrkoping-2026/
2026-02-19T18:07:15+00:00,1642,https://ungvetenskapssport.se/event/robotiklager-norrkoping-2026/
2026-02-19T19:07:10+00:00,1644,https://ungvetenskapssport.se/event/robotiklager-norrkoping-2026/
2026-02-19T19:47:28+00:00,1645,https://ungvetenskapssport.se/event/robotiklager-norrkoping-2026/
2026-02-19T20:17:27+00:00,1646,https://ungvetenskapssport.se/event/robotiklager-norrkoping-2026/
2026-02-19T20:52:27+00:00,1647,https://ungvetenskapssport.se/event/robotiklager-norrkoping-2026/
2026-02-19T21:27:42+00:00,1648,https://ungvetenskapssport.se/event/robotiklager-norrkoping-2026/
2026-02-19T21:57:27+00:00,1649,https://ungvetenskapssport.se/event/robotiklager-norrkoping-2026/
2026-02-19T22:33:47+00:00,1650,https://ungvetenskapssport.se/event/robotiklager-norrkoping-2026/
2026-02-19T23:02:33+00:00,1651,https://ungvetenskapssport.se/event/robotiklager-norrkoping-2026/
2026-02-19T23:41:29+00:00,1652,https://ungvetenskapssport.se/event/robotiklager-norrkoping-2026/
2026-02-20T00:01:37+00:00,1653,https://ungvetenskapssport.se/event/robotiklager-norrkoping-2026/
2026-02-20T04:43:57+00:00,1655,https://ungvetenskapssport.se/event/robotiklager-norrkoping-2026/
2026-02-20T06:36:40+00:00,1657,https://ungvetenskapssport.se/event/robotiklager-norrkoping-2026/
2026-02-20T07:34:30+00:00,1659,https://ungvetenskapssport.se/event/robotiklager-norrkoping-2026/
2026-02-20T08:05:42+00:00,1660,https://ungvetenskapssport.se/event/robotiklager-norrkoping-2026/
2026-02-20T08:56:18+00:00,1663,https://ungvetenskapssport.se/event/robotiklager-norrkoping-2026/
2026-02-20T10:20:14+00:00,1664,https://ungvetenskapssport.se/event/robotiklager-norrkoping-2026/
2026-02-20T11:03:51+00:00,1665,https://ungvetenskapssport.se/event/robotiklager-norrkoping-2026/
2026-02-20T11:42:12+00:00,1666,https://ungvetenskapssport.se/event/robotiklager-norrkoping-2026/
2026-02-20T12:02:44+00:00,1671,https://ungvetenskapssport.se/event/robotiklager-norrkoping-2026/
2026-02-20T13:21:38+00:00,1676,https://ungvetenskapssport.se/event/robotiklager-norrkoping-2026/
2026-02-20T14:10:08+00:00,1677,https://ungvetenskapssport.se/event/robotiklager-norrkoping-2026/
2026-02-20T15:41:57+00:00,1678,https://ungvetenskapssport.se/event/robotiklager-norrkoping-2026/
2026-02-20T16:20:10+00:00,1679,https://ungvetenskapssport.se/event/robotiklager-norrkoping-2026/
2026-02-20T17:02:53+00:00,1680,https://ungvetenskapssport.se/event/robotiklager-norrkoping-2026/
2026-02-20T17:52:02+00:00,1682,https://ungvetenskapssport.se/event/robotiklager-norrkoping-2026/
2026-02-20T18:40:13+00:00,1683,https://ungvetenskapssport.se/event/robotiklager-norrkoping-2026/
2026-02-20T19:26:56+00:00,1685,https://ungvetenskapssport.se/event/robotiklager-norrkoping-2026/
2026-02-20T19:53:11+00:00,1686,https://ungvetenskapssport.se/event/robotiklager-norrkoping-2026/
2026-02-20T20:25:43+00:00,1688,https://ungvetenskapssport.se/event/robotiklager-norrkoping-2026/
2026-02-20T20:53:37+00:00,1689,https://ungvetenskapssport.se/event/robotiklager-norrkoping-2026/
2026-02-20T21:20:20+00:00,1690,https://ungvetenskapssport.se/event/robotiklager-norrkoping-2026/
2026-02-20T21:48:25+00:00,1691,https://ungvetenskapssport.se/event/robotiklager-norrkoping-2026/
2026-02-20T21:59:46+00:00,1692,https://ungvetenskapssport.se/event/robotiklager-norrkoping-2026/
2026-02-20T22:36:17+00:00,1693,https://ungvetenskapssport.se/event/robotiklager-norrkoping-2026/
2026-02-20T22:59:15+00:00,1694,https://ungvetenskapssport.se/event/robotiklager-norrkoping-2026/
2026-02-20T23:35:44+00:00,1696,https://ungvetenskapssport.se/event/robotiklager-norrkoping-2026/
2026-02-20T23:55:57+00:00,1697,https://ungvetenskapssport.se/event/robotiklager-norrkoping-2026/
2026-02-21T01:51:14+00:00,1698,https://ungvetenskapssport.se/event/robotiklager-norrkoping-2026/
2026-02-21T04:03:19+00:00,1699,https://ungvetenskapssport.se/event/robotiklager-norrkoping-2026/
2026-02-21T05:10:16+00:00,1700,https://ungvetenskapssport.se/event/robotiklager-norrkoping-2026/
2026-02-21T05:57:36+00:00,1701,https://ungvetenskapssport.se/event/robotiklager-norrkoping-2026/
2026-02-21T06:46:39+00:00,1702,https://ungvetenskapssport.se/event/robotiklager-norrkoping-2026/
2026-02-21T07:21:18+00:00,1703,https://ungvetenskapssport.se/event/robotiklager-norrkoping-2026/
2026-02-21T07:50:04+00:00,1704,https://ungvetenskapssport.se/event/robotiklager-norrkoping-2026/
2026-02-21T08:14:48+00:00,1705,https://ungvetenskapssport.se/event/robotiklager-norrkoping-2026/
2026-02-21T08:49:06+00:00,1706,https://ungvetenskapssport.se/event/robotiklager-norrkoping-2026/
2026-02-21T09:16:18+00:00,1707,https://ungvetenskapssport.se/event/robotiklager-norrkoping-2026/
2026-02-21T09:47:29+00:00,1708,https://ungvetenskapssport.se/event/robotiklager-norrkoping-2026/
2026-02-21T10:41:12+00:00,1709,https://ungvetenskapssport.se/event/robotiklager-norrkoping-2026/
2026-02-21T11:32:34+00:00,1712,https://ungvetenskapssport.se/event/robotiklager-norrkoping-2026/
2026-02-21T11:50:26+00:00,1713,https://ungvetenskapssport.se/event/robotiklager-norrkoping-2026/
2026-02-21T12:38:28+00:00,1714,https://ungvetenskapssport.se/event/robotiklager-norrkoping-2026/
2026-02-21T13:29:05+00:00,1715,https://ungvetenskapssport.se/event/robotiklager-norrkoping-2026/
2026-02-21T13:59:17+00:00,1716,https://ungvetenskapssport.se/event/robotiklager-norrkoping-2026/
2026-02-21T14:33:20+00:00,1717,https://ungvetenskapssport.se/event/robotiklager-norrkoping-2026/
2026-02-21T14:55:58+00:00,1718,https://ungvetenskapssport.se/event/robotiklager-norrkoping-2026/
2026-02-21T15:22:17+00:00,1719,https://ungvetenskapssport.se/event/robotiklager-norrkoping-2026/
2026-02-21T15:47:22+00:00,1720,https://ungvetenskapssport.se/event/robotiklager-norrkoping-2026/
2026-02-21T16:45:14+00:00,1722,https://ungvetenskapssport.se/event/robotiklager-norrkoping-2026/
2026-02-21T17:03:19+00:00,1723,https://ungvetenskapssport.se/event/robotiklager-norrkoping-2026/
2026-02-21T17:37:25+00:00,1724,https://ungvetenskapssport.se/event/robotiklager-norrkoping-2026/
2026-02-21T17:55:31+00:00,1725,https://ungvetenskapssport.se/event/robotiklager-norrkoping-2026/
2026-02-21T19:02:51+00:00,1726,https://ungvetenskapssport.se/event/robotiklager-norrkoping-2026/
2026-02-21T19:34:03+00:00,1727,https://ungvetenskapssport.se/event/robotiklager-norrkoping-2026/
2026-02-21T19:51:05+00:00,1728,https://ungvetenskapssport.se/event/robotiklager-norrkoping-2026/
2026-02-21T20:19:47+00:00,1729,https://ungvetenskapssport.se/event/robotiklager-norrkoping-2026/
2026-02-21T20:44:49+00:00,1731,https://ungvetenskapssport.se/event/robotiklager-norrkoping-2026/
2026-02-21T20:59:21+00:00,1732,https://ungvetenskapssport.se/event/robotiklager-norrkoping-2026/
2026-02-21T21:30:38+00:00,1734,https://ungvetenskapssport.se/event/robotiklager-norrkoping-2026/
2026-02-21T21:52:27+00:00,1735,https://ungvetenskapssport.se/event/robotiklager-norrkoping-2026/
2026-02-21T22:18:39+00:00,1736,https://ungvetenskapssport.se/event/robotiklager-norrkoping-2026/
2026-02-21T22:45:13+00:00,1737,https://ungvetenskapssport.se/event/robotiklager-norrkoping-2026/
2026-02-21T23:00:07+00:00,1738,https://ungvetenskapssport.se/event/robotiklager-norrkoping-2026/
2026-02-21T23:32:38+00:00,1739,https://ungvetenskapssport.se/event/robotiklager-norrkoping-2026/
2026-02-21T23:52:27+00:00,1740,https://ungvetenskapssport.se/event/robotiklager-norrkoping-2026/
2026-02-22T01:49:49+00:00,1741,https://ungvetenskapssport.se/event/robotiklager-norrkoping-2026/
2026-02-22T04:04:01+00:00,1742,https://ungvetenskapssport.se/event/robotiklager-norrkoping-2026/
2026-02-22T05:20:36+00:00,1743,https://ungvetenskapssport.se/event/robotiklager-norrkoping-2026/
2026-02-22T06:08:29+00:00,1744,https://ungvetenskapssport.se/event/robotiklager-norrkoping-2026/
2026-02-22T07:05:21+00:00,1745,https://ungvetenskapssport.se/event/robotiklager-norrkoping-2026/
2026-02-22T07:46:05+00:00,1748,https://ungvetenskapssport.se/event/robotiklager-norrkoping-2026/
2026-02-22T08:47:31+00:00,1750,https://ungvetenskapssport.se/event/robotiklager-norrkoping-2026/
2026-02-22T09:15:24+00:00,1752,https://ungvetenskapssport.se/event/robotiklager-norrkoping-2026/
2026-02-22T10:01:06+00:00,1753,https://ungvetenskapssport.se/event/robotiklager-norrkoping-2026/
2026-02-22T10:40:24+00:00,1754,https://ungvetenskapssport.se/event/robotiklager-norrkoping-2026/
2026-02-22T11:00:52+00:00,1755,https://ungvetenskapssport.se/event/robotiklager-norrkoping-2026/
2026-02-22T11:32:36+00:00,1756,https://ungvetenskapssport.se/event/robotiklager-norrkoping-2026/
2026-02-22T12:39:45+00:00,1757,https://ungvetenskapssport.se/event/robotiklager-norrkoping-2026/
2026-02-22T13:31:07+00:00,1758,https://ungvetenskapssport.se/event/robotiklager-norrkoping-2026/
2026-02-22T14:39:19+00:00,1759,https://ungvetenskapssport.se/event/robotiklager-norrkoping-2026/
2026-02-22T14:57:40+00:00,1760,https://ungvetenskapssport.se/event/robotiklager-norrkoping-2026/
2026-02-22T15:28:50+00:00,1762,https://ungvetenskapssport.se/event/robotiklager-norrkoping-2026/
2026-02-22T15:50:26+00:00,1763,https://ungvetenskapssport.se/event/robotiklager-norrkoping-2026/
2026-02-22T16:24:12+00:00,1767,https://ungvetenskapssport.se/event/robotiklager-norrkoping-2026/
2026-02-22T16:54:56+00:00,1769,https://ungvetenskapssport.se/event/robotiklager-norrkoping-2026/
2026-02-22T17:21:27+00:00,1770,https://ungvetenskapssport.se/event/robotiklager-norrkoping-2026/
2026-02-22T17:50:03+00:00,1772,https://ungvetenskapssport.se/event/robotiklager-norrkoping-2026/
2026-02-22T18:01:27+00:00,1773,https://ungvetenskapssport.se/event/robotiklager-norrkoping-2026/
2026-02-22T19:20:53+00:00,1774,https://ungvetenskapssport.se/event/robotiklager-norrkoping-2026/
2026-02-22T19:44:01+00:00,1775,https://ungvetenskapssport.se/event/robotiklager-norrkoping-2026/
2026-02-22T19:56:46+00:00,1776,https://ungvetenskapssport.se/event/robotiklager-norrkoping-2026/
2026-02-22T20:27:24+00:00,1777,https://ungvetenskapssport.se/event/robotiklager-norrkoping-2026/
2026-02-22T20:51:25+00:00,1778,https://ungvetenskapssport.se/event/robotiklager-norrkoping-2026/
2026-02-22T21:20:09+00:00,1779,https://ungvetenskapssport.se/event/robotiklager-norrkoping-2026/
2026-02-22T21:43:05+00:00,1781,https://ungvetenskapssport.se/event/robotiklager-norrkoping-2026/
2026-02-22T22:31:10+00:00,1782,https://ungvetenskapssport.se/event/robotiklager-norrkoping-2026/
2026-02-22T22:55:45+00:00,1783,https://ungvetenskapssport.se/event/robotiklager-norrkoping-2026/
2026-02-22T23:22:41+00:00,1784,https://ungvetenskapssport.se/event/robotiklager-norrkoping-2026/
2026-02-22T23:47:37+00:00,1785,https://ungvetenskapssport.se/event/robotiklager-norrkoping-2026/
2026-02-23T00:01:18+00:00,1786,https://ungvetenskapssport.se/event/robotiklager-norrkoping-2026/
2026-02-23T03:16:22+00:00,1787,https://ungvetenskapssport.se/event/robotiklager-norrkoping-2026/
2026-02-23T05:11:08+00:00,1788,https://ungvetenskapssport.se/event/robotiklager-norrkoping-2026/
2026-02-23T06:16:24+00:00,1789,https://ungvetenskapssport.se/event/robotiklager-norrkoping-2026/
2026-02-23T07:33:38+00:00,1790,https://ungvetenskapssport.se/event/robotiklager-norrkoping-2026/
2026-02-23T08:07:51+00:00,1791,https://ungvetenskapssport.se/event/robotiklager-norrkoping-2026/
2026-02-23T09:04:45+00:00,1795,https://ungvetenskapssport.se/event/robotiklager-norrkoping-2026/
2026-02-23T10:08:39+00:00,1796,https://ungvetenskapssport.se/event/robotiklager-norrkoping-2026/
2026-02-23T11:05:21+00:00,1797,https://ungvetenskapssport.se/event/robotiklager-norrkoping-2026/
2026-02-23T11:50:34+00:00,1798,https://ungvetenskapssport.se/event/robotiklager-norrkoping-2026/
2026-02-23T12:55:29+00:00,1799,https://ungvetenskapssport.se/event/robotiklager-norrkoping-2026/
2026-02-23T14:06:14+00:00,1801,https://ungvetenskapssport.se/event/robotiklager-norrkoping-2026/
2026-02-23T15:03:00+00:00,1802,https://ungvetenskapssport.se/event/robotiklager-norrkoping-2026/
2026-02-23T15:58:28+00:00,1803,https://ungvetenskapssport.se/event/robotiklager-norrkoping-2026/
2026-02-23T17:02:52+00:00,1805,https://ungvetenskapssport.se/event/robotiklager-norrkoping-2026/
2026-02-23T18:08:48+00:00,1806,https://ungvetenskapssport.se/event/robotiklager-norrkoping-2026/
2026-02-23T19:21:24+00:00,1808,https://ungvetenskapssport.se/event/robotiklager-norrkoping-2026/
2026-02-23T20:05:23+00:00,1809,https://ungvetenskapssport.se/event/robotiklager-norrkoping-2026/
2026-02-23T20:59:17+00:00,1810,https://ungvetenskapssport.se/event/robotiklager-norrkoping-2026/
2026-02-23T21:53:26+00:00,1811,https://ungvetenskapssport.se/event/robotiklager-norrkoping-2026/
2026-02-23T23:19:10+00:00,1812,https://ungvetenskapssport.se/event/robotiklager-norrkoping-2026/
2026-02-23T23:49:21+00:00,1813,https://ungvetenskapssport.se/event/robotiklager-norrkoping-2026/
2026-02-24T00:53:51+00:00,1814,https://ungvetenskapssport.se/event/robotiklager-norrkoping-2026/
2026-02-24T03:33:03+00:00,1815,https://ungvetenskapssport.se/event/robotiklager-norrkoping-2026/
2026-02-24T05:11:13+00:00,1816,https://ungvetenskapssport.se/event/robotiklager-norrkoping-2026/
2026-02-24T06:14:29+00:00,1817,https://ungvetenskapssport.se/event/robotiklager-norrkoping-2026/
2026-02-24T07:18:04+00:00,1818,https://ungvetenskapssport.se/event/robotiklager-norrkoping-2026/
2026-02-24T08:02:49+00:00,1819,https://ungvetenskapssport.se/event/robotiklager-norrkoping-2026/
2026-02-24T09:03:23+00:00,1820,https://ungvetenskapssport.se/event/robotiklager-norrkoping-2026/
2026-02-24T10:05:34+00:00,1821,https://ungvetenskapssport.se/event/robotiklager-norrkoping-2026/
2026-02-24T11:03:25+00:00,1822,https://ungvetenskapssport.se/event/robotiklager-norrkoping-2026/
2026-02-24T11:51:41+00:00,1823,https://ungvetenskapssport.se/event/robotiklager-norrkoping-2026/
2026-02-24T12:56:41+00:00,1825,https://ungvetenskapssport.se/event/robotiklager-norrkoping-2026/
2026-02-24T14:11:11+00:00,1826,https://ungvetenskapssport.se/event/robotiklager-norrkoping-2026/
2026-02-24T15:10:36+00:00,1827,https://ungvetenskapssport.se/event/robotiklager-norrkoping-2026/
2026-02-24T16:15:42+00:00,1828,https://ungvetenskapssport.se/event/robotiklager-norrkoping-2026/
2026-02-24T17:29:52+00:00,1830,https://ungvetenskapssport.se/event/robotiklager-norrkoping-2026/
2026-02-24T18:32:24+00:00,1831,https://ungvetenskapssport.se/event/robotiklager-norrkoping-2026/
2026-02-24T19:34:28+00:00,1832,https://ungvetenskapssport.se/event/robotiklager-norrkoping-2026/
2026-02-24T20:01:18+00:00,1833,https://ungvetenskapssport.se/event/robotiklager-norrkoping-2026/
2026-02-24T20:51:46+00:00,1834,https://ungvetenskapssport.se/event/robotiklager-norrkoping-2026/
2026-02-24T21:29:57+00:00,1835,https://ungvetenskapssport.se/event/robotiklager-norrkoping-2026/
2026-02-24T22:00:50+00:00,1836,https://ungvetenskapssport.se/event/robotiklager-norrkoping-2026/
2026-02-24T22:49:28+00:00,1837,https://ungvetenskapssport.se/event/robotiklager-norrkoping-2026/
2026-02-24T23:17:32+00:00,1838,https://ungvetenskapssport.se/event/robotiklager-norrkoping-2026/
2026-02-24T23:49:18+00:00,1839,https://ungvetenskapssport.se/event/robotiklager-norrkoping-2026/
2026-02-25T00:59:46+00:00,1840,https://ungvetenskapssport.se/event/robotiklager-norrkoping-2026/
2026-02-25T03:40:08+00:00,1841,https://ungvetenskapssport.se/event/robotiklager-norrkoping-2026/
2026-02-25T05:13:59+00:00,1843,https://ungvetenskapssport.se/event/robotiklager-norrkoping-2026/
2026-02-25T08:07:39+00:00,1844,https://ungvetenskapssport.se/event/robotiklager-norrkoping-2026/
2026-02-25T09:05:07+00:00,1845,https://ungvetenskapssport.se/event/robotiklager-norrkoping-2026/
2026-02-25T10:07:25+00:00,1848,https://ungvetenskapssport.se/event/robotiklager-norrkoping-2026/
2026-02-25T11:06:47+00:00,1849,https://ungvetenskapssport.se/event/robotiklager-norrkoping-2026/
2026-02-25T11:50:29+00:00,1850,https://ungvetenskapssport.se/event/robotiklager-norrkoping-2026/
2026-02-25T12:55:49+00:00,1853,https://ungvetenskapssport.se/event/robotiklager-norrkoping-2026/
2026-02-25T14:08:24+00:00,1855,https://ungvetenskapssport.se/event/robotiklager-norrkoping-2026/
2026-02-25T15:08:35+00:00,1858,https://ungvetenskapssport.se/event/robotiklager-norrkoping-2026/
2026-02-25T16:18:00+00:00,1859,https://ungvetenskapssport.se/event/robotiklager-norrkoping-2026/
2026-02-25T17:30:29+00:00,1860,https://ungvetenskapssport.se/event/robotiklager-norrkoping-2026/
2026-02-25T19:37:17+00:00,1861,https://ungvetenskapssport.se/event/robotiklager-norrkoping-2026/
2026-02-25T20:02:46+00:00,1862,https://ungvetenskapssport.se/event/robotiklager-norrkoping-2026/
2026-02-25T20:51:46+00:00,1863,https://ungvetenskapssport.se/event/robotiklager-norrkoping-2026/
2026-02-25T21:31:33+00:00,1864,https://ungvetenskapssport.se/event/robotiklager-norrkoping-2026/
2026-02-25T22:00:06+00:00,1865,https://ungvetenskapssport.se/event/robotiklager-norrkoping-2026/
2026-02-25T22:43:16+00:00,1866,https://ungvetenskapssport.se/event/robotiklager-norrkoping-2026/
2026-02-25T23:16:19+00:00,1867,https://ungvetenskapssport.se/event/robotiklager-norrkoping-2026/
2026-02-25T23:46:44+00:00,1868,https://ungvetenskapssport.se/event/robotiklager-norrkoping-2026/
2026-02-26T00:02:30+00:00,1869,https://ungvetenskapssport.se/event/robotiklager-norrkoping-2026/
2026-02-26T02:51:56+00:00,1870,https://ungvetenskapssport.se/event/robotiklager-norrkoping-2026/
2026-02-26T04:47:57+00:00,1871,https://ungvetenskapssport.se/event/robotiklager-norrkoping-2026/
2026-02-26T05:47:02+00:00,1872,https://ungvetenskapssport.se/event/robotiklager-norrkoping-2026/
2026-02-26T07:40:15+00:00,1873,https://ungvetenskapssport.se/event/robotiklager-norrkoping-2026/
2026-02-26T08:28:48+00:00,1875,https://ungvetenskapssport.se/event/robotiklager-norrkoping-2026/
2026-02-26T09:26:40+00:00,1877,https://ungvetenskapssport.se/event/robotiklager-norrkoping-2026/
2026-02-26T10:11:30+00:00,1878,https://ungvetenskapssport.se/event/robotiklager-norrkoping-2026/
2026-02-26T11:08:45+00:00,1879,https://ungvetenskapssport.se/event/robotiklager-norrkoping-2026/
2026-02-26T11:53:06+00:00,1880,https://ungvetenskapssport.se/event/robotiklager-norrkoping-2026/
2026-02-26T12:56:46+00:00,1881,https://ungvetenskapssport.se/event/robotiklager-norrkoping-2026/
2026-02-26T14:09:30+00:00,1882,https://ungvetenskapssport.se/event/robotiklager-norrkoping-2026/
2026-02-26T15:04:26+00:00,1883,https://ungvetenskapssport.se/event/robotiklager-norrkoping-2026/
2026-02-26T17:14:41+00:00,1886,https://ungvetenskapssport.se/event/robotiklager-norrkoping-2026/
2026-02-26T18:05:55+00:00,1888,https://ungvetenskapssport.se/event/robotiklager-norrkoping-2026/
2026-02-26T19:06:56+00:00,1890,https://ungvetenskapssport.se/event/robotiklager-norrkoping-2026/
2026-02-26T19:51:50+00:00,1891,https://ungvetenskapssport.se/event/robotiklager-norrkoping-2026/
2026-02-26T20:32:38+00:00,1892,https://ungvetenskapssport.se/event/robotiklager-norrkoping-2026/
2026-02-26T21:06:14+00:00,1893,https://ungvetenskapssport.se/event/robotiklager-norrkoping-2026/
2026-02-26T21:44:55+00:00,1894,https://ungvetenskapssport.se/event/robotiklager-norrkoping-2026/
2026-02-26T22:50:19+00:00,1895,https://ungvetenskapssport.se/event/robotiklager-norrkoping-2026/
2026-02-26T23:25:00+00:00,1896,https://ungvetenskapssport.se/event/robotiklager-norrkoping-2026/
2026-02-26T23:51:33+00:00,1897,https://ungvetenskapssport.se/event/robotiklager-norrkoping-2026/
2026-02-27T01:45:08+00:00,1898,https://ungvetenskapssport.se/event/robotiklager-norrkoping-2026/
2026-02-27T03:58:27+00:00,1899,https://ungvetenskapssport.se/event/robotiklager-norrkoping-2026/
2026-02-27T05:16:00+00:00,1900,https://ungvetenskapssport.se/event/robotiklager-norrkoping-2026/
2026-02-27T06:07:40+00:00,1901,https://ungvetenskapssport.se/event/robotiklager-norrkoping-2026/
2026-02-27T07:10:37+00:00,1902,https://ungvetenskapssport.se/event/robotiklager-norrkoping-2026/
2026-02-27T07:57:55+00:00,1903,https://ungvetenskapssport.se/event/robotiklager-norrkoping-2026/
2026-02-27T08:47:46+00:00,1904,https://ungvetenskapssport.se/event/robotiklager-norrkoping-2026/
2026-02-27T10:05:50+00:00,1905,https://ungvetenskapssport.se/event/robotiklager-norrkoping-2026/
2026-02-27T10:55:48+00:00,1906,https://ungvetenskapssport.se/event/robotiklager-norrkoping-2026/
2026-02-27T11:30:10+00:00,1907,https://ungvetenskapssport.se/event/robotiklager-norrkoping-2026/
2026-02-27T11:55:59+00:00,1909,https://ungvetenskapssport.se/event/robotiklager-norrkoping-2026/
2026-02-27T12:55:21+00:00,1910,https://ungvetenskapssport.se/event/robotiklager-norrkoping-2026/
2026-02-27T13:58:04+00:00,1911,https://ungvetenskapssport.se/event/robotiklager-norrkoping-2026/
2026-02-27T14:41:21+00:00,1912,https://ungvetenskapssport.se/event/robotiklager-norrkoping-2026/
2026-02-27T15:25:20+00:00,1914,https://ungvetenskapssport.se/event/robotiklager-norrkoping-2026/
2026-02-27T15:57:57+00:00,1915,https://ungvetenskapssport.se/event/robotiklager-norrkoping-2026/
2026-02-27T16:44:41+00:00,1916,https://ungvetenskapssport.se/event/robotiklager-norrkoping-2026/
2026-02-27T17:21:22+00:00,1917,https://ungvetenskapssport.se/event/robotiklager-norrkoping-2026/
2026-02-27T17:59:37+00:00,1918,https://ungvetenskapssport.se/event/robotiklager-norrkoping-2026/
2026-02-27T18:56:39+00:00,1919,https://ungvetenskapssport.se/event/robotiklager-norrkoping-2026/
2026-02-27T19:33:17+00:00,1920,https://ungvetenskapssport.se/event/robotiklager-norrkoping-2026/
2026-02-27T19:57:31+00:00,1921,https://ungvetenskapssport.se/event/robotiklager-norrkoping-2026/
2026-02-27T20:31:00+00:00,1922,https://ungvetenskapssport.se/event/robotiklager-norrkoping-2026/
2026-02-27T20:57:37+00:00,1923,https://ungvetenskapssport.se/event/robotiklager-norrkoping-2026/
2026-02-27T21:32:00+00:00,1924,https://ungvetenskapssport.se/event/robotiklager-norrkoping-2026/
2026-02-27T21:55:31+00:00,1925,https://ungvetenskapssport.se/event/robotiklager-norrkoping-2026/
2026-02-27T22:19:47+00:00,1926,https://ungvetenskapssport.se/event/robotiklager-norrkoping-2026/
2026-02-27T22:46:25+00:00,1927,https://ungvetenskapssport.se/event/robotiklager-norrkoping-2026/
2026-02-27T23:00:46+00:00,1928,https://ungvetenskapssport.se/event/robotiklager-norrkoping-2026/
2026-02-27T23:35:42+00:00,1929,https://ungvetenskapssport.se/event/robotiklager-norrkoping-2026/
2026-02-27T23:53:11+00:00,1930,https://ungvetenskapssport.se/event/robotiklager-norrkoping-2026/
2026-02-28T01:26:45+00:00,1931,https://ungvetenskapssport.se/event/robotiklager-norrkoping-2026/
2026-02-28T03:28:26+00:00,1932,https://ungvetenskapssport.se/event/robotiklager-norrkoping-2026/
2026-02-28T04:40:52+00:00,1933,https://ungvetenskapssport.se/event/robotiklager-norrkoping-2026/
2026-02-28T05:21:30+00:00,1934,https://ungvetenskapssport.se/event/robotiklager-norrkoping-2026/
2026-02-28T05:54:25+00:00,1935,https://ungvetenskapssport.se/event/robotiklager-norrkoping-2026/
2026-02-28T06:32:11+00:00,1936,https://ungvetenskapssport.se/event/robotiklager-norrkoping-2026/
2026-02-28T07:03:27+00:00,1937,https://ungvetenskapssport.se/event/robotiklager-norrkoping-2026/
2026-02-28T07:36:54+00:00,1938,https://ungvetenskapssport.se/event/robotiklager-norrkoping-2026/
2026-02-28T07:52:06+00:00,1939,https://ungvetenskapssport.se/event/robotiklager-norrkoping-2026/
2026-02-28T08:23:41+00:00,1940,https://ungvetenskapssport.se/event/robotiklager-norrkoping-2026/
2026-02-28T08:50:41+00:00,1941,https://ungvetenskapssport.se/event/robotiklager-norrkoping-2026/
2026-02-28T09:46:33+00:00,1942,https://ungvetenskapssport.se/event/robotiklager-norrkoping-2026/
2026-02-28T09:57:31+00:00,1943,https://ungvetenskapssport.se/event/robotiklager-norrkoping-2026/
2026-02-28T10:26:09+00:00,1944,https://ungvetenskapssport.se/event/robotiklager-norrkoping-2026/
2026-02-28T10:47:26+00:00,1945,https://ungvetenskapssport.se/event/robotiklager-norrkoping-2026/
2026-02-28T10:58:53+00:00,1946,https://ungvetenskapssport.se/event/robotiklager-norrkoping-2026/
2026-02-28T11:25:05+00:00,1947,https://ungvetenskapssport.se/event/robotiklager-norrkoping-2026/
2026-02-28T11:40:07+00:00,1948,https://ungvetenskapssport.se/event/robotiklager-norrkoping-2026/
2026-02-28T12:36:49+00:00,1949,https://ungvetenskapssport.se/event/robotiklager-norrkoping-2026/
2026-02-28T13:22:37+00:00,1950,https://ungvetenskapssport.se/event/robotiklager-norrkoping-2026/
2026-02-28T14:18:04+00:00,1951,https://ungvetenskapssport.se/event/robotiklager-norrkoping-2026/
2026-02-28T14:42:28+00:00,1953,https://ungvetenskapssport.se/event/robotiklager-norrkoping-2026/
2026-02-28T14:57:16+00:00,1954,https://ungvetenskapssport.se/event/robotiklager-norrkoping-2026/
2026-02-28T15:24:23+00:00,1957,https://ungvetenskapssport.se/event/robotiklager-norrkoping-2026/
2026-02-28T15:43:09+00:00,1958,https://ungvetenskapssport.se/event/robotiklager-norrkoping-2026/
2026-02-28T15:56:40+00:00,1959,https://ungvetenskapssport.se/event/robotiklager-norrkoping-2026/
2026-02-28T16:26:50+00:00,1960,https://ungvetenskapssport.se/event/robotiklager-norrkoping-2026/
2026-02-28T16:49:23+00:00,1961,https://ungvetenskapssport.se/event/robotiklager-norrkoping-2026/
2026-02-28T17:00:36+00:00,1962,https://ungvetenskapssport.se/event/robotiklager-norrkoping-2026/
2026-02-28T17:32:36+00:00,1963,https://ungvetenskapssport.se/event/robotiklager-norrkoping-2026/
2026-02-28T17:50:07+00:00,1964,https://ungvetenskapssport.se/event/robotiklager-norrkoping-2026/
2026-02-28T17:58:54+00:00,1965,https://ungvetenskapssport.se/event/robotiklager-norrkoping-2026/
2026-02-28T19:01:56+00:00,1966,https://ungvetenskapssport.se/event/robotiklager-norrkoping-2026/
2026-02-28T19:29:38+00:00,1967,https://ungvetenskapssport.se/event/robotiklager-norrkoping-2026/
2026-02-28T19:44:13+00:00,1968,https://ungvetenskapssport.se/event/robotiklager-norrkoping-2026/
2026-02-28T19:54:33+00:00,1969,https://ungvetenskapssport.se/event/robotiklager-norrkoping-2026/
2026-02-28T20:20:26+00:00,1970,https://ungvetenskapssport.se/event/robotiklager-norrkoping-2026/
2026-02-28T20:59:00+00:00,1971,https://ungvetenskapssport.se/event/robotiklager-norrkoping-2026/
2026-02-28T21:28:05+00:00,1972,https://ungvetenskapssport.se/event/robotiklager-norrkoping-2026/
2026-02-28T21:44:25+00:00,1973,https://ungvetenskapssport.se/event/robotiklager-norrkoping-2026/
2026-02-28T21:55:20+00:00,1974,https://ungvetenskapssport.se/event/robotiklager-norrkoping-2026/
2026-02-28T22:19:29+00:00,1975,https://ungvetenskapssport.se/event/robotiklager-norrkoping-2026/
2026-02-28T22:42:56+00:00,1976,https://ungvetenskapssport.se/event/robotiklager-norrkoping-2026/
2026-02-28T22:57:54+00:00,1977,https://ungvetenskapssport.se/event/robotiklager-norrkoping-2026/
2026-02-28T23:25:55+00:00,1978,https://ungvetenskapssport.se/event/robotiklager-norrkoping-2026/
2026-02-28T23:43:27+00:00,1979,https://ungvetenskapssport.se/event/robotiklager-norrkoping-2026/
2026-02-28T23:56:11+00:00,1980,https://ungvetenskapssport.se/event/robotiklager-norrkoping-2026/
2026-03-01T02:09:30+00:00,1981,https://ungvetenskapssport.se/event/robotiklager-norrkoping-2026/
2026-03-01T04:29:47+00:00,1982,https://ungvetenskapssport.se/event/robotiklager-norrkoping-2026/
2026-03-01T05:37:20+00:00,1983,https://ungvetenskapssport.se/event/robotiklager-norrkoping-2026/
2026-03-01T06:25:41+00:00,1984,https://ungvetenskapssport.se/event/robotiklager-norrkoping-2026/
2026-03-01T07:08:04+00:00,1985,https://ungvetenskapssport.se/event/robotiklager-norrkoping-2026/
2026-03-01T07:44:55+00:00,1986,https://ungvetenskapssport.se/event/robotiklager-norrkoping-2026/
2026-03-01T07:58:50+00:00,1987,https://ungvetenskapssport.se/event/robotiklager-norrkoping-2026/
2026-03-01T09:38:27+00:00,1988,https://ungvetenskapssport.se/event/robotiklager-norrkoping-2026/
2026-03-01T09:56:02+00:00,1989,https://ungvetenskapssport.se/event/robotiklager-norrkoping-2026/
2026-03-01T10:49:06+00:00,1990,https://ungvetenskapssport.se/event/robotiklager-norrkoping-2026/
2026-03-01T11:00:35+00:00,1991,https://ungvetenskapssport.se/event/robotiklager-norrkoping-2026/
2026-03-01T11:31:22+00:00,1992,https://ungvetenskapssport.se/event/robotiklager-norrkoping-2026/
2026-03-01T11:48:58+00:00,1993,https://ungvetenskapssport.se/event/robotiklager-norrkoping-2026/
2026-03-01T11:58:04+00:00,1994,https://ungvetenskapssport.se/event/robotiklager-norrkoping-2026/
2026-03-01T12:56:41+00:00,1995,https://ungvetenskapssport.se/event/robotiklager-norrkoping-2026/
2026-03-01T13:38:56+00:00,1996,https://ungvetenskapssport.se/event/robotiklager-norrkoping-2026/
2026-03-01T14:31:25+00:00,1997,https://ungvetenskapssport.se/event/robotiklager-norrkoping-2026/
2026-03-01T14:53:53+00:00,1998,https://ungvetenskapssport.se/event/robotiklager-norrkoping-2026/
2026-03-01T15:18:47+00:00,1999,https://ungvetenskapssport.se/event/robotiklager-norrkoping-2026/
2026-03-01T15:41:35+00:00,2000,https://ungvetenskapssport.se/event/robotiklager-norrkoping-2026/
2026-03-01T15:58:08+00:00,2001,https://ungvetenskapssport.se/event/robotiklager-norrkoping-2026/
2026-03-01T16:33:46+00:00,2002,https://ungvetenskapssport.se/event/robotiklager-norrkoping-2026/
2026-03-01T16:55:42+00:00,2003,https://ungvetenskapssport.se/event/robotiklager-norrkoping-2026/
2026-03-01T17:19:52+00:00,2004,https://ungvetenskapssport.se/event/robotiklager-norrkoping-2026/
2026-03-01T17:42:48+00:00,2005,https://ungvetenskapssport.se/event/robotiklager-norrkoping-2026/
2026-03-01T17:57:59+00:00,2006,https://ungvetenskapssport.se/event/robotiklager-norrkoping-2026/
2026-03-01T18:38:38+00:00,2007,https://ungvetenskapssport.se/event/robotiklager-norrkoping-2026/
2026-03-01T19:01:06+00:00,2008,https://ungvetenskapssport.se/event/robotiklager-norrkoping-2026/
2026-03-01T19:31:37+00:00,2009,https://ungvetenskapssport.se/event/robotiklager-norrkoping-2026/
2026-03-01T19:48:38+00:00,2010,https://ungvetenskapssport.se/event/robotiklager-norrkoping-2026/
2026-03-01T19:58:18+00:00,2011,https://ungvetenskapssport.se/event/robotiklager-norrkoping-2026/
2026-03-01T20:32:19+00:00,2012,https://ungvetenskapssport.se/event/robotiklager-norrkoping-2026/
2026-03-01T20:53:56+00:00,2013,https://ungvetenskapssport.se/event/robotiklager-norrkoping-2026/
2026-03-01T21:40:16+00:00,2014,https://ungvetenskapssport.se/event/robotiklager-norrkoping-2026/
2026-03-01T21:56:33+00:00,2015,https://ungvetenskapssport.se/event/robotiklager-norrkoping-2026/
2026-03-01T22:48:10+00:00,2016,https://ungvetenskapssport.se/event/robotiklager-norrkoping-2026/
2026-03-01T23:00:10+00:00,2017,https://ungvetenskapssport.se/event/robotiklager-norrkoping-2026/
2026-03-01T23:34:40+00:00,2018,https://ungvetenskapssport.se/event/robotiklager-norrkoping-2026/
2026-03-01T23:52:39+00:00,2019,https://ungvetenskapssport.se/event/robotiklager-norrkoping-2026/
2026-03-02T01:47:52+00:00,2020,https://ungvetenskapssport.se/event/robotiklager-norrkoping-2026/
2026-03-02T03:59:44+00:00,2021,https://ungvetenskapssport.se/event/robotiklager-norrkoping-2026/
2026-03-02T05:18:16+00:00,2022,https://ungvetenskapssport.se/event/robotiklager-norrkoping-2026/
2026-03-02T06:08:00+00:00,2023,https://ungvetenskapssport.se/event/robotiklager-norrkoping-2026/
2026-03-02T07:14:44+00:00,2024,https://ungvetenskapssport.se/event/robotiklager-norrkoping-2026/
2026-03-02T07:57:59+00:00,2025,https://ungvetenskapssport.se/event/robotiklager-norrkoping-2026/
2026-03-02T08:51:49+00:00,2026,https://ungvetenskapssport.se/event/robotiklager-norrkoping-2026/
2026-03-02T09:42:57+00:00,2027,https://ungvetenskapssport.se/event/robotiklager-norrkoping-2026/
2026-03-02T10:30:42+00:00,2028,https://ungvetenskapssport.se/event/robotiklager-norrkoping-2026/
2026-03-02T11:20:54+00:00,2029,https://ungvetenskapssport.se/event/robotiklager-norrkoping-2026/
2026-03-02T11:51:10+00:00,2030,https://ungvetenskapssport.se/event/robotiklager-norrkoping-2026/
2026-03-02T12:49:41+00:00,2033,https://ungvetenskapssport.se/event/robotiklager-norrkoping-2026/
2026-03-02T13:49:00+00:00,2034,https://ungvetenskapssport.se/event/robotiklager-norrkoping-2026/
2026-03-02T14:32:52+00:00,2035,https://ungvetenskapssport.se/event/robotiklager-norrkoping-2026/
2026-03-02T15:24:00+00:00,2036,https://ungvetenskapssport.se/event/robotiklager-norrkoping-2026/
2026-03-02T15:59:56+00:00,2037,https://ungvetenskapssport.se/event/robotiklager-norrkoping-2026/
2026-03-02T16:59:46+00:00,2038,https://ungvetenskapssport.se/event/robotiklager-norrkoping-2026/
2026-03-02T17:51:54+00:00,2039,https://ungvetenskapssport.se/event/robotiklager-norrkoping-2026/
2026-03-02T19:25:12+00:00,2040,https://ungvetenskapssport.se/event/robotiklager-norrkoping-2026/
2026-03-02T19:55:41+00:00,2041,https://ungvetenskapssport.se/event/robotiklager-norrkoping-2026/
2026-03-02T20:34:53+00:00,2042,https://ungvetenskapssport.se/event/robotiklager-norrkoping-2026/
2026-03-02T21:04:37+00:00,2043,https://ungvetenskapssport.se/event/robotiklager-norrkoping-2026/
2026-03-02T21:47:56+00:00,2044,https://ungvetenskapssport.se/event/robotiklager-norrkoping-2026/
2026-03-02T22:14:08+00:00,2045,https://ungvetenskapssport.se/event/robotiklager-norrkoping-2026/
2026-03-02T22:49:00+00:00,2046,https://ungvetenskapssport.se/event/robotiklager-norrkoping-2026/
2026-03-02T23:01:53+00:00,2047,https://ungvetenskapssport.se/event/robotiklager-norrkoping-2026/
2026-03-02T23:37:56+00:00,2048,https://ungvetenskapssport.se/event/robotiklager-norrkoping-2026/
2026-03-02T23:57:11+00:00,2049,https://ungvetenskapssport.se/event/robotiklager-norrkoping-2026/
2026-03-03T02:21:43+00:00,2050,https://ungvetenskapssport.se/event/robotiklager-norrkoping-2026/
2026-03-03T05:31:31+00:00,2051,https://ungvetenskapssport.se/event/robotiklager-norrkoping-2026/
2026-03-03T06:28:55+00:00,2052,https://ungvetenskapssport.se/event/robotiklager-norrkoping-2026/
2026-03-03T07:25:58+00:00,2054,https://ungvetenskapssport.se/event/robotiklager-norrkoping-2026/
2026-03-03T07:59:48+00:00,2055,https://ungvetenskapssport.se/event/robotiklager-norrkoping-2026/
2026-03-03T08:54:44+00:00,2056,https://ungvetenskapssport.se/event/robotiklager-norrkoping-2026/
2026-03-03T09:37:17+00:00,2058,https://ungvetenskapssport.se/event/robotiklager-norrkoping-2026/
2026-03-03T10:22:24+00:00,2059,https://ungvetenskapssport.se/event/robotiklager-norrkoping-2026/
2026-03-03T11:04:25+00:00,2060,https://ungvetenskapssport.se/event/robotiklager-norrkoping-2026/
2026-03-03T11:45:12+00:00,2061,https://ungvetenskapssport.se/event/robotiklager-norrkoping-2026/
2026-03-03T12:02:51+00:00,2062,https://ungvetenskapssport.se/event/robotiklager-norrkoping-2026/
2026-03-03T13:20:59+00:00,2063,https://ungvetenskapssport.se/event/robotiklager-norrkoping-2026/
2026-03-03T14:10:06+00:00,2064,https://ungvetenskapssport.se/event/robotiklager-norrkoping-2026/
2026-03-03T15:56:37+00:00,2065,https://ungvetenskapssport.se/event/robotiklager-norrkoping-2026/
2026-03-03T16:48:49+00:00,2066,https://ungvetenskapssport.se/event/robotiklager-norrkoping-2026/
2026-03-03T18:08:48+00:00,2067,https://ungvetenskapssport.se/event/robotiklager-norrkoping-2026/
2026-03-03T19:49:35+00:00,2068,https://ungvetenskapssport.se/event/robotiklager-norrkoping-2026/
2026-03-03T20:18:21+00:00,2069,https://ungvetenskapssport.se/event/robotiklager-norrkoping-2026/
2026-03-03T20:50:30+00:00,2070,https://ungvetenskapssport.se/event/robotiklager-norrkoping-2026/
2026-03-03T21:29:40+00:00,2071,https://ungvetenskapssport.se/event/robotiklager-norrkoping-2026/
2026-03-03T21:56:58+00:00,2072,https://ungvetenskapssport.se/event/robotiklager-norrkoping-2026/
2026-03-03T22:29:51+00:00,2073,https://ungvetenskapssport.se/event/robotiklager-norrkoping-2026/
2026-03-03T23:23:01+00:00,2074,https://ungvetenskapssport.se/event/robotiklager-norrkoping-2026/
2026-03-03T23:48:33+00:00,2075,https://ungvetenskapssport.se/event/robotiklager-norrkoping-2026/
2026-03-04T00:01:56+00:00,2076,https://ungvetenskapssport.se/event/robotiklager-norrkoping-2026/
2026-03-04T02:48:17+00:00,2077,https://ungvetenskapssport.se/event/robotiklager-norrkoping-2026/
2026-03-04T04:23:08+00:00,2078,https://ungvetenskapssport.se/event/robotiklager-norrkoping-2026/
2026-03-04T05:27:55+00:00,2080,https://ungvetenskapssport.se/event/robotiklager-norrkoping-2026/
2026-03-04T06:05:04+00:00,2081,https://ungvetenskapssport.se/event/robotiklager-norrkoping-2026/
2026-03-04T07:03:22+00:00,2083,https://ungvetenskapssport.se/event/robotiklager-norrkoping-2026/
2026-03-04T07:48:58+00:00,2085,https://ungvetenskapssport.se/event/robotiklager-norrkoping-2026/
2026-03-04T08:20:54+00:00,2087,https://ungvetenskapssport.se/event/robotiklager-norrkoping-2026/
2026-03-04T09:02:40+00:00,2088,https://ungvetenskapssport.se/event/robotiklager-norrkoping-2026/
2026-03-04T09:54:47+00:00,2089,https://ungvetenskapssport.se/event/robotiklager-norrkoping-2026/
2026-03-04T11:05:39+00:00,2090,https://ungvetenskapssport.se/event/robotiklager-norrkoping-2026/
2026-03-04T11:41:50+00:00,2091,https://ungvetenskapssport.se/event/robotiklager-norrkoping-2026/
2026-03-04T12:00:59+00:00,2093,https://ungvetenskapssport.se/event/robotiklager-norrkoping-2026/
2026-03-04T13:19:52+00:00,2094,https://ungvetenskapssport.se/event/robotiklager-norrkoping-2026/
2026-03-04T14:06:50+00:00,2095,https://ungvetenskapssport.se/event/robotiklager-norrkoping-2026/
2026-03-04T15:36:20+00:00,2096,https://ungvetenskapssport.se/event/robotiklager-norrkoping-2026/
2026-03-04T16:07:35+00:00,2097,https://ungvetenskapssport.se/event/robotiklager-norrkoping-2026/
2026-03-04T17:01:04+00:00,2098,https://ungvetenskapssport.se/event/robotiklager-norrkoping-2026/
2026-03-04T17:54:16+00:00,2099,https://ungvetenskapssport.se/event/robotiklager-norrkoping-2026/
2026-03-04T18:41:50+00:00,2101,https://ungvetenskapssport.se/event/robotiklager-norrkoping-2026/
2026-03-04T19:28:12+00:00,2104,https://ungvetenskapssport.se/event/robotiklager-norrkoping-2026/
2026-03-04T19:58:10+00:00,2105,https://ungvetenskapssport.se/event/robotiklager-norrkoping-2026/
2026-03-04T20:35:45+00:00,2106,https://ungvetenskapssport.se/event/robotiklager-norrkoping-2026/
2026-03-04T21:00:53+00:00,2107,https://ungvetenskapssport.se/event/robotiklager-norrkoping-2026/
2026-03-04T22:15:18+00:00,2108,https://ungvetenskapssport.se/event/robotiklager-norrkoping-2026/
2026-03-04T22:51:20+00:00,2109,https://ungvetenskapssport.se/event/robotiklager-norrkoping-2026/
2026-03-04T23:25:37+00:00,2110,https://ungvetenskapssport.se/event/robotiklager-norrkoping-2026/
2026-03-05T01:47:17+00:00,2111,https://ungvetenskapssport.se/event/robotiklager-norrkoping-2026/
2026-03-05T03:58:19+00:00,2112,https://ungvetenskapssport.se/event/robotiklager-norrkoping-2026/
2026-03-05T05:14:22+00:00,2113,https://ungvetenskapssport.se/event/robotiklager-norrkoping-2026/
2026-03-05T06:03:57+00:00,2114,https://ungvetenskapssport.se/event/robotiklager-norrkoping-2026/
2026-03-05T07:06:57+00:00,2115,https://ungvetenskapssport.se/event/robotiklager-norrkoping-2026/
2026-03-05T07:51:33+00:00,2116,https://ungvetenskapssport.se/event/robotiklager-norrkoping-2026/
2026-03-05T09:24:22+00:00,2117,https://ungvetenskapssport.se/event/robotiklager-norrkoping-2026/
2026-03-05T10:06:13+00:00,2118,https://ungvetenskapssport.se/event/robotiklager-norrkoping-2026/
2026-03-05T10:58:13+00:00,2119,https://ungvetenskapssport.se/event/robotiklager-norrkoping-2026/
2026-03-05T11:36:55+00:00,2120,https://ungvetenskapssport.se/event/robotiklager-norrkoping-2026/
2026-03-05T11:59:57+00:00,2121,https://ungvetenskapssport.se/event/robotiklager-norrkoping-2026/
2026-03-05T13:19:43+00:00,2122,https://ungvetenskapssport.se/event/robotiklager-norrkoping-2026/
2026-03-05T14:09:07+00:00,2123,https://ungvetenskapssport.se/event/robotiklager-norrkoping-2026/
2026-03-05T15:03:28+00:00,2124,https://ungvetenskapssport.se/event/robotiklager-norrkoping-2026/
2026-03-05T15:59:25+00:00,2125,https://ungvetenskapssport.se/event/robotiklager-norrkoping-2026/
2026-03-05T18:10:55+00:00,2126,https://ungvetenskapssport.se/event/robotiklager-norrkoping-2026/
2026-03-05T19:36:33+00:00,2127,https://ungvetenskapssport.se/event/robotiklager-norrkoping-2026/
2026-03-05T20:06:46+00:00,2128,https://ungvetenskapssport.se/event/robotiklager-norrkoping-2026/
2026-03-05T20:51:38+00:00,2129,https://ungvetenskapssport.se/event/robotiklager-norrkoping-2026/
2026-03-05T21:30:11+00:00,2130,https://ungvetenskapssport.se/event/robotiklager-norrkoping-2026/
2026-03-05T22:00:11+00:00,2131,https://ungvetenskapssport.se/event/robotiklager-norrkoping-2026/
2026-03-05T23:19:00+00:00,2132,https://ungvetenskapssport.se/event/robotiklager-norrkoping-2026/
2026-03-05T23:59:55+00:00,2133,https://ungvetenskapssport.se/event/robotiklager-norrkoping-2026/
2026-03-06T02:44:59+00:00,2134,https://ungvetenskapssport.se/event/robotiklager-norrkoping-2026/
2026-03-06T04:22:40+00:00,2135,https://ungvetenskapssport.se/event/robotiklager-norrkoping-2026/
2026-03-06T05:29:56+00:00,2136,https://ungvetenskapssport.se/event/robotiklager-norrkoping-2026/
2026-03-06T06:06:55+00:00,2137,https://ungvetenskapssport.se/event/robotiklager-norrkoping-2026/
2026-03-06T07:05:50+00:00,2138,https://ungvetenskapssport.se/event/robotiklager-norrkoping-2026/
2026-03-06T07:49:04+00:00,2139,https://ungvetenskapssport.se/event/robotiklager-norrkoping-2026/
2026-03-06T08:20:55+00:00,2140,https://ungvetenskapssport.se/event/robotiklager-norrkoping-2026/
2026-03-06T09:01:50+00:00,2142,https://ungvetenskapssport.se/event/robotiklager-norrkoping-2026/
2026-03-06T09:53:23+00:00,2143,https://ungvetenskapssport.se/event/robotiklager-norrkoping-2026/
2026-03-06T10:30:24+00:00,2144,https://ungvetenskapssport.se/event/robotiklager-norrkoping-2026/
2026-03-06T11:04:24+00:00,2146,https://ungvetenskapssport.se/event/robotiklager-norrkoping-2026/
2026-03-06T11:39:35+00:00,2147,https://ungvetenskapssport.se/event/robotiklager-norrkoping-2026/
2026-03-06T11:57:53+00:00,2148,https://ungvetenskapssport.se/event/robotiklager-norrkoping-2026/
2026-03-06T13:59:48+00:00,2149,https://ungvetenskapssport.se/event/robotiklager-norrkoping-2026/
2026-03-06T14:47:17+00:00,2150,https://ungvetenskapssport.se/event/robotiklager-norrkoping-2026/
2026-03-06T15:22:38+00:00,2151,https://ungvetenskapssport.se/event/robotiklager-norrkoping-2026/
2026-03-06T15:58:18+00:00,2156,https://ungvetenskapssport.se/event/robotiklager-norrkoping-2026/
2026-03-06T16:49:43+00:00,2157,https://ungvetenskapssport.se/event/robotiklager-norrkoping-2026/
2026-03-06T17:23:29+00:00,2158,https://ungvetenskapssport.se/event/robotiklager-norrkoping-2026/
2026-03-06T17:59:09+00:00,2160,https://ungvetenskapssport.se/event/robotiklager-norrkoping-2026/
2026-03-06T18:56:20+00:00,2162,https://ungvetenskapssport.se/event/robotiklager-norrkoping-2026/
2026-03-06T19:33:17+00:00,2163,https://ungvetenskapssport.se/event/robotiklager-norrkoping-2026/
2026-03-06T19:57:57+00:00,2164,https://ungvetenskapssport.se/event/robotiklager-norrkoping-2026/
2026-03-06T20:36:11+00:00,2165,https://ungvetenskapssport.se/event/robotiklager-norrkoping-2026/
2026-03-06T20:59:22+00:00,2166,https://ungvetenskapssport.se/event/robotiklager-norrkoping-2026/
2026-03-06T21:36:25+00:00,2167,https://ungvetenskapssport.se/event/robotiklager-norrkoping-2026/
2026-03-06T21:56:23+00:00,2168,https://ungvetenskapssport.se/event/robotiklager-norrkoping-2026/
2026-03-06T22:27:43+00:00,2169,https://ungvetenskapssport.se/event/robotiklager-norrkoping-2026/
2026-03-06T22:55:55+00:00,2170,https://ungvetenskapssport.se/event/robotiklager-norrkoping-2026/
2026-03-06T23:25:53+00:00,2171,https://ungvetenskapssport.se/event/robotiklager-norrkoping-2026/
2026-03-06T23:49:55+00:00,2172,https://ungvetenskapssport.se/event/robotiklager-norrkoping-2026/
2026-03-07T00:51:42+00:00,2173,https://ungvetenskapssport.se/event/robotiklager-norrkoping-2026/
2026-03-07T03:12:21+00:00,2174,https://ungvetenskapssport.se/event/robotiklager-norrkoping-2026/
2026-03-07T05:27:02+00:00,2175,https://ungvetenskapssport.se/event/robotiklager-norrkoping-2026/
2026-03-07T05:59:00+00:00,2176,https://ungvetenskapssport.se/event/robotiklager-norrkoping-2026/
2026-03-07T06:51:45+00:00,2177,https://ungvetenskapssport.se/event/robotiklager-norrkoping-2026/
2026-03-07T07:47:35+00:00,2178,https://ungvetenskapssport.se/event/robotiklager-norrkoping-2026/
2026-03-07T07:58:55+00:00,2179,https://ungvetenskapssport.se/event/robotiklager-norrkoping-2026/
2026-03-07T08:38:30+00:00,2180,https://ungvetenskapssport.se/event/robotiklager-norrkoping-2026/
2026-03-07T08:59:59+00:00,2181,https://ungvetenskapssport.se/event/robotiklager-norrkoping-2026/
2026-03-07T09:37:32+00:00,2182,https://ungvetenskapssport.se/event/robotiklager-norrkoping-2026/
2026-03-07T09:54:42+00:00,2183,https://ungvetenskapssport.se/event/robotiklager-norrkoping-2026/
2026-03-07T10:19:13+00:00,2184,https://ungvetenskapssport.se/event/robotiklager-norrkoping-2026/
2026-03-07T10:44:16+00:00,2185,https://ungvetenskapssport.se/event/robotiklager-norrkoping-2026/
2026-03-07T10:58:40+00:00,2186,https://ungvetenskapssport.se/event/robotiklager-norrkoping-2026/
2026-03-07T11:25:26+00:00,2187,https://ungvetenskapssport.se/event/robotiklager-norrkoping-2026/
2026-03-07T11:41:45+00:00,2188,https://ungvetenskapssport.se/event/robotiklager-norrkoping-2026/
2026-03-07T12:38:49+00:00,2189,https://ungvetenskapssport.se/event/robotiklager-norrkoping-2026/
2026-03-07T13:25:35+00:00,2190,https://ungvetenskapssport.se/event/robotiklager-norrkoping-2026/
2026-03-07T13:54:05+00:00,2191,https://ungvetenskapssport.se/event/robotiklager-norrkoping-2026/
2026-03-07T14:20:03+00:00,2192,https://ungvetenskapssport.se/event/robotiklager-norrkoping-2026/
2026-03-07T14:45:00+00:00,2193,https://ungvetenskapssport.se/event/robotiklager-norrkoping-2026/
2026-03-07T14:58:38+00:00,2194,https://ungvetenskapssport.se/event/robotiklager-norrkoping-2026/
2026-03-07T15:28:50+00:00,2195,https://ungvetenskapssport.se/event/robotiklager-norrkoping-2026/
2026-03-07T15:47:15+00:00,2196,https://ungvetenskapssport.se/event/robotiklager-norrkoping-2026/
2026-03-07T15:59:14+00:00,2197,https://ungvetenskapssport.se/event/robotiklager-norrkoping-2026/
2026-03-07T16:36:29+00:00,2198,https://ungvetenskapssport.se/event/robotiklager-norrkoping-2026/
2026-03-07T17:18:07+00:00,2199,https://ungvetenskapssport.se/event/robotiklager-norrkoping-2026/
2026-03-07T17:41:00+00:00,2200,https://ungvetenskapssport.se/event/robotiklager-norrkoping-2026/
2026-03-07T17:57:08+00:00,2201,https://ungvetenskapssport.se/event/robotiklager-norrkoping-2026/
2026-03-07T18:35:40+00:00,2203,https://ungvetenskapssport.se/event/robotiklager-norrkoping-2026/
2026-03-07T18:59:01+00:00,2204,https://ungvetenskapssport.se/event/robotiklager-norrkoping-2026/
2026-03-07T19:27:33+00:00,2205,https://ungvetenskapssport.se/event/robotiklager-norrkoping-2026/
2026-03-07T19:44:02+00:00,2206,https://ungvetenskapssport.se/event/robotiklager-norrkoping-2026/
2026-03-07T19:55:49+00:00,2207,https://ungvetenskapssport.se/event/robotiklager-norrkoping-2026/
2026-03-07T20:22:25+00:00,2208,https://ungvetenskapssport.se/event/robotiklager-norrkoping-2026/
2026-03-07T20:46:54+00:00,2210,https://ungvetenskapssport.se/event/robotiklager-norrkoping-2026/
2026-03-07T20:59:16+00:00,2211,https://ungvetenskapssport.se/event/robotiklager-norrkoping-2026/
2026-03-07T21:28:23+00:00,2212,https://ungvetenskapssport.se/event/robotiklager-norrkoping-2026/
2026-03-07T21:45:13+00:00,2213,https://ungvetenskapssport.se/event/robotiklager-norrkoping-2026/
2026-03-07T21:56:01+00:00,2214,https://ungvetenskapssport.se/event/robotiklager-norrkoping-2026/
2026-03-07T22:21:22+00:00,2215,https://ungvetenskapssport.se/event/robotiklager-norrkoping-2026/
2026-03-07T22:46:53+00:00,2216,https://ungvetenskapssport.se/event/robotiklager-norrkoping-2026/
2026-03-07T22:59:16+00:00,2217,https://ungvetenskapssport.se/event/robotiklager-norrkoping-2026/
2026-03-07T23:29:48+00:00,2218,https://ungvetenskapssport.se/event/robotiklager-norrkoping-2026/
2026-03-07T23:47:14+00:00,2219,https://ungvetenskapssport.se/event/robotiklager-norrkoping-2026/
2026-03-07T23:58:06+00:00,2221,https://ungvetenskapssport.se/event/robotiklager-norrkoping-2026/
2026-03-08T02:31:23+00:00,2222,https://ungvetenskapssport.se/event/robotiklager-norrkoping-2026/
2026-03-08T04:24:55+00:00,2223,https://ungvetenskapssport.se/event/robotiklager-norrkoping-2026/
2026-03-08T05:27:23+00:00,2224,https://ungvetenskapssport.se/event/robotiklager-norrkoping-2026/
2026-03-08T06:03:02+00:00,2225,https://ungvetenskapssport.se/event/robotiklager-norrkoping-2026/
2026-03-08T06:57:58+00:00,2227,https://ungvetenskapssport.se/event/robotiklager-norrkoping-2026/
2026-03-08T07:32:49+00:00,2228,https://ungvetenskapssport.se/event/robotiklager-norrkoping-2026/
2026-03-08T07:53:36+00:00,2229,https://ungvetenskapssport.se/event/robotiklager-norrkoping-2026/
2026-03-08T08:26:16+00:00,2230,https://ungvetenskapssport.se/event/robotiklager-norrkoping-2026/
2026-03-08T08:54:23+00:00,2231,https://ungvetenskapssport.se/event/robotiklager-norrkoping-2026/
2026-03-08T09:25:30+00:00,2232,https://ungvetenskapssport.se/event/robotiklager-norrkoping-2026/
2026-03-08T09:51:28+00:00,2233,https://ungvetenskapssport.se/event/robotiklager-norrkoping-2026/
2026-03-08T10:20:47+00:00,2234,https://ungvetenskapssport.se/event/robotiklager-norrkoping-2026/
2026-03-08T10:49:37+00:00,2236,https://ungvetenskapssport.se/event/robotiklager-norrkoping-2026/
2026-03-08T11:01:15+00:00,2237,https://ungvetenskapssport.se/event/robotiklager-norrkoping-2026/
2026-03-08T11:31:50+00:00,2238,https://ungvetenskapssport.se/event/robotiklager-norrkoping-2026/
2026-03-08T11:49:42+00:00,2239,https://ungvetenskapssport.se/event/robotiklager-norrkoping-2026/
2026-03-08T11:58:58+00:00,2240,https://ungvetenskapssport.se/event/robotiklager-norrkoping-2026/
2026-03-08T13:47:38+00:00,2241,https://ungvetenskapssport.se/event/robotiklager-norrkoping-2026/
2026-03-08T14:37:18+00:00,2242,https://ungvetenskapssport.se/event/robotiklager-norrkoping-2026/
2026-03-08T15:20:39+00:00,2243,https://ungvetenskapssport.se/event/robotiklager-norrkoping-2026/
2026-03-08T15:44:55+00:00,2244,https://ungvetenskapssport.se/event/robotiklager-norrkoping-2026/
2026-03-08T15:58:35+00:00,2245,https://ungvetenskapssport.se/event/robotiklager-norrkoping-2026/
2026-03-08T16:57:09+00:00,2246,https://ungvetenskapssport.se/event/robotiklager-norrkoping-2026/
2026-03-08T17:24:18+00:00,2247,https://ungvetenskapssport.se/event/robotiklager-norrkoping-2026/
2026-03-08T17:46:20+00:00,2248,https://ungvetenskapssport.se/event/robotiklager-norrkoping-2026/
2026-03-08T17:58:47+00:00,2249,https://ungvetenskapssport.se/event/robotiklager-norrkoping-2026/
2026-03-08T18:42:05+00:00,2250,https://ungvetenskapssport.se/event/robotiklager-norrkoping-2026/
2026-03-08T19:04:03+00:00,2251,https://ungvetenskapssport.se/event/robotiklager-norrkoping-2026/
2026-03-08T19:32:55+00:00,2252,https://ungvetenskapssport.se/event/robotiklager-norrkoping-2026/
2026-03-08T19:49:57+00:00,2253,https://ungvetenskapssport.se/event/robotiklager-norrkoping-2026/
2026-03-08T19:58:26+00:00,2254,https://ungvetenskapssport.se/event/robotiklager-norrkoping-2026/
2026-03-08T21:19:17+00:00,2255,https://ungvetenskapssport.se/event/robotiklager-norrkoping-2026/
2026-03-08T21:40:47+00:00,2256,https://ungvetenskapssport.se/event/robotiklager-norrkoping-2026/
2026-03-08T22:26:10+00:00,2257,https://ungvetenskapssport.se/event/robotiklager-norrkoping-2026/
2026-03-08T22:48:38+00:00,2258,https://ungvetenskapssport.se/event/robotiklager-norrkoping-2026/
2026-03-08T23:01:00+00:00,2259,https://ungvetenskapssport.se/event/robotiklager-norrkoping-2026/
2026-03-08T23:34:57+00:00,2260,https://ungvetenskapssport.se/event/robotiklager-norrkoping-2026/
2026-03-08T23:52:52+00:00,2261,https://ungvetenskapssport.se/event/robotiklager-norrkoping-2026/
2026-03-09T04:03:00+00:00,2262,https://ungvetenskapssport.se/event/robotiklager-norrkoping-2026/
2026-03-09T06:35:22+00:00,2263,https://ungvetenskapssport.se/event/robotiklager-norrkoping-2026/
2026-03-09T08:05:11+00:00,2267,https://ungvetenskapssport.se/event/robotiklager-norrkoping-2026/
2026-03-09T08:59:09+00:00,2268,https://ungvetenskapssport.se/event/robotiklager-norrkoping-2026/
2026-03-09T09:59:55+00:00,2269,https://ungvetenskapssport.se/event/robotiklager-norrkoping-2026/
2026-03-09T10:54:13+00:00,2270,https://ungvetenskapssport.se/event/robotiklager-norrkoping-2026/
2026-03-09T11:59:47+00:00,2271,https://ungvetenskapssport.se/event/robotiklager-norrkoping-2026/
2026-03-09T13:23:19+00:00,2272,https://ungvetenskapssport.se/event/robotiklager-norrkoping-2026/
2026-03-09T14:28:48+00:00,2273,https://ungvetenskapssport.se/event/robotiklager-norrkoping-2026/
2026-03-09T15:31:56+00:00,2274,https://ungvetenskapssport.se/event/robotiklager-norrkoping-2026/
2026-03-09T16:35:23+00:00,2275,https://ungvetenskapssport.se/event/robotiklager-norrkoping-2026/
2026-03-09T17:28:29+00:00,2276,https://ungvetenskapssport.se/event/robotiklager-norrkoping-2026/
2026-03-09T18:07:50+00:00,2277,https://ungvetenskapssport.se/event/robotiklager-norrkoping-2026/
2026-03-09T19:08:01+00:00,2278,https://ungvetenskapssport.se/event/robotiklager-norrkoping-2026/
2026-03-09T19:49:25+00:00,2279,https://ungvetenskapssport.se/event/robotiklager-norrkoping-2026/
2026-03-09T20:17:12+00:00,2281,https://ungvetenskapssport.se/event/robotiklager-norrkoping-2026/
2026-03-09T20:53:21+00:00,2282,https://ungvetenskapssport.se/event/robotiklager-norrkoping-2026/
2026-03-09T21:28:33+00:00,2283,https://ungvetenskapssport.se/event/robotiklager-norrkoping-2026/
2026-03-09T21:55:32+00:00,2285,https://ungvetenskapssport.se/event/robotiklager-norrkoping-2026/
2026-03-09T22:25:05+00:00,2286,https://ungvetenskapssport.se/event/robotiklager-norrkoping-2026/
2026-03-09T22:53:34+00:00,2287,https://ungvetenskapssport.se/event/robotiklager-norrkoping-2026/
2026-03-09T23:49:43+00:00,2288,https://ungvetenskapssport.se/event/robotiklager-norrkoping-2026/
2026-03-10T00:00:35+00:00,2289,https://ungvetenskapssport.se/event/robotiklager-norrkoping-2026/
2026-03-10T04:24:34+00:00,2290,https://ungvetenskapssport.se/event/robotiklager-norrkoping-2026/
2026-03-10T05:30:02+00:00,2291,https://ungvetenskapssport.se/event/robotiklager-norrkoping-2026/
2026-03-10T06:06:45+00:00,2292,https://ungvetenskapssport.se/event/robotiklager-norrkoping-2026/
2026-03-10T07:51:51+00:00,2293,https://ungvetenskapssport.se/event/robotiklager-norrkoping-2026/
2026-03-10T08:35:57+00:00,2294,https://ungvetenskapssport.se/event/robotiklager-norrkoping-2026/
2026-03-10T09:24:45+00:00,2295,https://ungvetenskapssport.se/event/robotiklager-norrkoping-2026/
2026-03-10T10:04:44+00:00,2297,https://ungvetenskapssport.se/event/robotiklager-norrkoping-2026/
2026-03-10T11:33:55+00:00,2299,https://ungvetenskapssport.se/event/robotiklager-norrkoping-2026/
2026-03-10T13:15:09+00:00,2300,https://ungvetenskapssport.se/event/robotiklager-norrkoping-2026/
2026-03-10T14:08:58+00:00,2301,https://ungvetenskapssport.se/event/robotiklager-norrkoping-2026/
2026-03-10T15:08:12+00:00,2302,https://ungvetenskapssport.se/event/robotiklager-norrkoping-2026/
2026-03-10T16:15:26+00:00,2303,https://ungvetenskapssport.se/event/robotiklager-norrkoping-2026/
2026-03-10T17:09:19+00:00,2304,https://ungvetenskapssport.se/event/robotiklager-norrkoping-2026/
2026-03-10T17:59:18+00:00,2305,https://ungvetenskapssport.se/event/robotiklager-norrkoping-2026/
2026-03-10T18:59:55+00:00,2306,https://ungvetenskapssport.se/event/robotiklager-norrkoping-2026/
2026-03-10T19:41:31+00:00,2307,https://ungvetenskapssport.se/event/robotiklager-norrkoping-2026/
2026-03-10T20:03:53+00:00,2308,https://ungvetenskapssport.se/event/robotiklager-norrkoping-2026/
2026-03-10T20:48:14+00:00,2309,https://ungvetenskapssport.se/event/robotiklager-norrkoping-2026/
2026-03-10T21:17:19+00:00,2310,https://ungvetenskapssport.se/event/robotiklager-norrkoping-2026/
2026-03-10T21:44:31+00:00,2311,https://ungvetenskapssport.se/event/robotiklager-norrkoping-2026/
2026-03-10T22:37:47+00:00,2312,https://ungvetenskapssport.se/event/robotiklager-norrkoping-2026/
2026-03-10T22:59:17+00:00,2313,https://ungvetenskapssport.se/event/robotiklager-norrkoping-2026/
2026-03-10T23:34:44+00:00,2314,https://ungvetenskapssport.se/event/robotiklager-norrkoping-2026/
2026-03-11T01:42:50+00:00,2315,https://ungvetenskapssport.se/event/robotiklager-norrkoping-2026/
2026-03-11T03:55:33+00:00,2316,https://ungvetenskapssport.se/event/robotiklager-norrkoping-2026/
2026-03-11T05:09:47+00:00,2317,https://ungvetenskapssport.se/event/robotiklager-norrkoping-2026/
2026-03-11T07:08:58+00:00,2318,https://ungvetenskapssport.se/event/robotiklager-norrkoping-2026/
2026-03-11T07:52:51+00:00,2319,https://ungvetenskapssport.se/event/robotiklager-norrkoping-2026/
2026-03-11T08:35:48+00:00,2321,https://ungvetenskapssport.se/event/robotiklager-norrkoping-2026/
2026-03-11T09:24:46+00:00,2322,https://ungvetenskapssport.se/event/robotiklager-norrkoping-2026/
2026-03-11T10:05:46+00:00,2323,https://ungvetenskapssport.se/event/robotiklager-norrkoping-2026/
2026-03-11T10:57:34+00:00,2324,https://ungvetenskapssport.se/event/robotiklager-norrkoping-2026/
2026-03-11T11:35:13+00:00,2325,https://ungvetenskapssport.se/event/robotiklager-norrkoping-2026/
2026-03-11T11:58:55+00:00,2326,https://ungvetenskapssport.se/event/robotiklager-norrkoping-2026/
2026-03-11T13:14:58+00:00,2327,https://ungvetenskapssport.se/event/robotiklager-norrkoping-2026/
2026-03-11T14:13:02+00:00,2328,https://ungvetenskapssport.se/event/robotiklager-norrkoping-2026/
2026-03-11T15:07:26+00:00,2329,https://ungvetenskapssport.se/event/robotiklager-norrkoping-2026/
2026-03-11T17:06:19+00:00,2330,https://ungvetenskapssport.se/event/robotiklager-norrkoping-2026/
2026-03-11T17:59:05+00:00,2331,https://ungvetenskapssport.se/event/robotiklager-norrkoping-2026/
2026-03-11T20:18:02+00:00,2332,https://ungvetenskapssport.se/event/robotiklager-norrkoping-2026/
2026-03-11T20:52:06+00:00,2333,https://ungvetenskapssport.se/event/robotiklager-norrkoping-2026/
2026-03-11T21:55:51+00:00,2334,https://ungvetenskapssport.se/event/robotiklager-norrkoping-2026/
2026-03-11T22:24:54+00:00,2335,https://ungvetenskapssport.se/event/robotiklager-norrkoping-2026/
2026-03-11T22:48:40+00:00,2336,https://ungvetenskapssport.se/event/robotiklager-norrkoping-2026/
2026-03-11T23:01:36+00:00,2337,https://ungvetenskapssport.se/event/robotiklager-norrkoping-2026/
2026-03-11T23:37:38+00:00,2338,https://ungvetenskapssport.se/event/robotiklager-norrkoping-2026/
2026-03-12T01:57:11+00:00,2339,https://ungvetenskapssport.se/event/robotiklager-norrkoping-2026/
2026-03-12T04:14:35+00:00,2340,https://ungvetenskapssport.se/event/robotiklager-norrkoping-2026/
2026-03-12T05:30:58+00:00,2341,https://ungvetenskapssport.se/event/robotiklager-norrkoping-2026/
2026-03-12T06:31:01+00:00,2342,https://ungvetenskapssport.se/event/robotiklager-norrkoping-2026/
2026-03-12T07:31:20+00:00,2343,https://ungvetenskapssport.se/event/robotiklager-norrkoping-2026/
2026-03-12T08:05:16+00:00,2344,https://ungvetenskapssport.se/event/robotiklager-norrkoping-2026/
2026-03-12T08:58:26+00:00,2345,https://ungvetenskapssport.se/event/robotiklager-norrkoping-2026/
2026-03-12T09:50:56+00:00,2347,https://ungvetenskapssport.se/event/robotiklager-norrkoping-2026/
2026-03-12T10:34:18+00:00,2348,https://ungvetenskapssport.se/event/robotiklager-norrkoping-2026/
2026-03-12T11:08:58+00:00,2349,https://ungvetenskapssport.se/event/robotiklager-norrkoping-2026/
2026-03-12T11:42:54+00:00,2350,https://ungvetenskapssport.se/event/robotiklager-norrkoping-2026/
2026-03-12T13:24:14+00:00,2352,https://ungvetenskapssport.se/event/robotiklager-norrkoping-2026/
2026-03-12T14:13:13+00:00,2353,https://ungvetenskapssport.se/event/robotiklager-norrkoping-2026/
2026-03-12T15:11:04+00:00,2354,https://ungvetenskapssport.se/event/robotiklager-norrkoping-2026/
2026-03-12T16:16:44+00:00,2355,https://ungvetenskapssport.se/event/robotiklager-norrkoping-2026/
2026-03-12T17:13:09+00:00,2356,https://ungvetenskapssport.se/event/robotiklager-norrkoping-2026/
2026-03-12T18:04:12+00:00,2359,https://ungvetenskapssport.se/event/robotiklager-norrkoping-2026/
2026-03-12T19:07:54+00:00,2360,https://ungvetenskapssport.se/event/robotiklager-norrkoping-2026/
2026-03-12T19:50:35+00:00,2362,https://ungvetenskapssport.se/event/robotiklager-norrkoping-2026/
2026-03-12T20:29:32+00:00,2363,https://ungvetenskapssport.se/event/robotiklager-norrkoping-2026/
2026-03-12T21:01:13+00:00,2364,https://ungvetenskapssport.se/event/robotiklager-norrkoping-2026/
2026-03-12T21:45:55+00:00,2365,https://ungvetenskapssport.se/event/robotiklager-norrkoping-2026/
2026-03-12T22:01:29+00:00,2366,https://ungvetenskapssport.se/event/robotiklager-norrkoping-2026/
2026-03-12T22:40:46+00:00,2367,https://ungvetenskapssport.se/event/robotiklager-norrkoping-2026/
2026-03-12T23:38:40+00:00,2368,https://ungvetenskapssport.se/event/robotiklager-norrkoping-2026/
2026-03-12T23:57:02+00:00,2369,https://ungvetenskapssport.se/event/robotiklager-norrkoping-2026/
2026-03-13T02:07:32+00:00,2370,https://ungvetenskapssport.se/event/robotiklager-norrkoping-2026/
2026-03-13T04:19:51+00:00,2371,https://ungvetenskapssport.se/event/robotiklager-norrkoping-2026/
2026-03-13T07:10:55+00:00,2372,https://ungvetenskapssport.se/event/robotiklager-norrkoping-2026/
2026-03-13T07:57:40+00:00,2374,https://ungvetenskapssport.se/event/robotiklager-norrkoping-2026/
2026-03-13T08:44:12+00:00,2375,https://ungvetenskapssport.se/event/robotiklager-norrkoping-2026/
2026-03-13T09:25:27+00:00,2376,https://ungvetenskapssport.se/event/robotiklager-norrkoping-2026/
2026-03-13T10:01:48+00:00,2377,https://ungvetenskapssport.se/event/robotiklager-norrkoping-2026/
2026-03-13T10:53:42+00:00,2378,https://ungvetenskapssport.se/event/robotiklager-norrkoping-2026/
2026-03-13T11:27:46+00:00,2379,https://ungvetenskapssport.se/event/robotiklager-norrkoping-2026/
2026-03-13T12:50:41+00:00,2380,https://ungvetenskapssport.se/event/robotiklager-norrkoping-2026/
2026-03-13T13:57:34+00:00,2381,https://ungvetenskapssport.se/event/robotiklager-norrkoping-2026/
2026-03-13T14:43:13+00:00,2383,https://ungvetenskapssport.se/event/robotiklager-norrkoping-2026/
2026-03-13T15:29:05+00:00,2384,https://ungvetenskapssport.se/event/robotiklager-norrkoping-2026/
2026-03-13T16:04:06+00:00,2385,https://ungvetenskapssport.se/event/robotiklager-norrkoping-2026/
2026-03-13T16:55:13+00:00,2386,https://ungvetenskapssport.se/event/robotiklager-norrkoping-2026/
2026-03-13T17:31:33+00:00,2387,https://ungvetenskapssport.se/event/robotiklager-norrkoping-2026/
2026-03-13T18:03:02+00:00,2388,https://ungvetenskapssport.se/event/robotiklager-norrkoping-2026/
2026-03-13T18:58:40+00:00,2389,https://ungvetenskapssport.se/event/robotiklager-norrkoping-2026/
2026-03-13T19:34:39+00:00,2390,https://ungvetenskapssport.se/event/robotiklager-norrkoping-2026/
2026-03-13T19:58:32+00:00,2391,https://ungvetenskapssport.se/event/robotiklager-norrkoping-2026/
2026-03-13T20:41:08+00:00,2392,https://ungvetenskapssport.se/event/robotiklager-norrkoping-2026/
2026-03-13T21:17:54+00:00,2393,https://ungvetenskapssport.se/event/robotiklager-norrkoping-2026/
2026-03-13T21:50:11+00:00,2394,https://ungvetenskapssport.se/event/robotiklager-norrkoping-2026/
2026-03-13T22:51:06+00:00,2395,https://ungvetenskapssport.se/event/robotiklager-norrkoping-2026/
2026-03-13T23:24:22+00:00,2396,https://ungvetenskapssport.se/event/robotiklager-norrkoping-2026/
2026-03-13T23:50:34+00:00,2397,https://ungvetenskapssport.se/event/robotiklager-norrkoping-2026/
2026-03-14T01:44:00+00:00,2398,https://ungvetenskapssport.se/event/robotiklager-norrkoping-2026/
2026-03-14T03:57:05+00:00,2399,https://ungvetenskapssport.se/event/robotiklager-norrkoping-2026/
2026-03-14T05:10:36+00:00,2400,https://ungvetenskapssport.se/event/robotiklager-norrkoping-2026/
2026-03-14T06:01:22+00:00,2401,https://ungvetenskapssport.se/event/robotiklager-norrkoping-2026/
2026-03-14T07:03:03+00:00,2402,https://ungvetenskapssport.se/event/robotiklager-norrkoping-2026/
2026-03-14T07:46:46+00:00,2403,https://ungvetenskapssport.se/event/robotiklager-norrkoping-2026/
2026-03-14T08:02:12+00:00,2404,https://ungvetenskapssport.se/event/robotiklager-norrkoping-2026/
2026-03-14T08:50:55+00:00,2405,https://ungvetenskapssport.se/event/robotiklager-norrkoping-2026/
2026-03-14T09:27:57+00:00,2406,https://ungvetenskapssport.se/event/robotiklager-norrkoping-2026/
2026-03-14T09:55:58+00:00,2407,https://ungvetenskapssport.se/event/robotiklager-norrkoping-2026/
2026-03-14T10:25:47+00:00,2408,https://ungvetenskapssport.se/event/robotiklager-norrkoping-2026/
2026-03-14T10:54:09+00:00,2409,https://ungvetenskapssport.se/event/robotiklager-norrkoping-2026/
2026-03-14T11:20:04+00:00,2410,https://ungvetenskapssport.se/event/robotiklager-norrkoping-2026/
2026-03-14T11:42:38+00:00,2411,https://ungvetenskapssport.se/event/robotiklager-norrkoping-2026/
2026-03-14T11:58:33+00:00,2412,https://ungvetenskapssport.se/event/robotiklager-norrkoping-2026/
2026-03-14T13:03:28+00:00,2414,https://ungvetenskapssport.se/event/robotiklager-norrkoping-2026/
2026-03-14T14:24:26+00:00,2415,https://ungvetenskapssport.se/event/robotiklager-norrkoping-2026/
2026-03-14T14:52:19+00:00,2416,https://ungvetenskapssport.se/event/robotiklager-norrkoping-2026/
2026-03-14T15:49:58+00:00,2417,https://ungvetenskapssport.se/event/robotiklager-norrkoping-2026/
2026-03-14T16:15:15+00:00,2418,https://ungvetenskapssport.se/event/robotiklager-norrkoping-2026/
2026-03-14T16:50:14+00:00,2419,https://ungvetenskapssport.se/event/robotiklager-norrkoping-2026/
2026-03-14T17:23:03+00:00,2420,https://ungvetenskapssport.se/event/robotiklager-norrkoping-2026/
2026-03-14T17:50:55+00:00,2422,https://ungvetenskapssport.se/event/robotiklager-norrkoping-2026/
2026-03-14T18:31:40+00:00,2423,https://ungvetenskapssport.se/event/robotiklager-norrkoping-2026/
2026-03-14T19:05:29+00:00,2424,https://ungvetenskapssport.se/event/robotiklager-norrkoping-2026/
2026-03-14T19:37:11+00:00,2425,https://ungvetenskapssport.se/event/robotiklager-norrkoping-2026/
2026-03-14T19:53:05+00:00,2426,https://ungvetenskapssport.se/event/robotiklager-norrkoping-2026/
2026-03-14T20:22:56+00:00,2427,https://ungvetenskapssport.se/event/robotiklager-norrkoping-2026/
2026-03-14T20:51:20+00:00,2428,https://ungvetenskapssport.se/event/robotiklager-norrkoping-2026/
2026-03-14T21:22:52+00:00,2429,https://ungvetenskapssport.se/event/robotiklager-norrkoping-2026/
2026-03-14T21:48:16+00:00,2430,https://ungvetenskapssport.se/event/robotiklager-norrkoping-2026/
2026-03-14T22:01:14+00:00,2431,https://ungvetenskapssport.se/event/robotiklager-norrkoping-2026/
2026-03-14T23:02:56+00:00,2432,https://ungvetenskapssport.se/event/robotiklager-norrkoping-2026/
2026-03-14T23:38:47+00:00,2433,https://ungvetenskapssport.se/event/robotiklager-norrkoping-2026/
2026-03-15T02:40:55+00:00,2434,https://ungvetenskapssport.se/event/robotiklager-norrkoping-2026/
2026-03-15T04:56:19+00:00,2435,https://ungvetenskapssport.se/event/robotiklager-norrkoping-2026/
2026-03-15T06:04:22+00:00,2436,https://ungvetenskapssport.se/event/robotiklager-norrkoping-2026/
2026-03-15T07:11:27+00:00,2437,https://ungvetenskapssport.se/event/robotiklager-norrkoping-2026/
2026-03-15T07:54:14+00:00,2438,https://ungvetenskapssport.se/event/robotiklager-norrkoping-2026/
2026-03-15T08:32:08+00:00,2439,https://ungvetenskapssport.se/event/robotiklager-norrkoping-2026/
2026-03-15T09:04:38+00:00,2440,https://ungvetenskapssport.se/event/robotiklager-norrkoping-2026/
2026-03-15T09:47:38+00:00,2441,https://ungvetenskapssport.se/event/robotiklager-norrkoping-2026/
2026-03-15T10:14:14+00:00,2442,https://ungvetenskapssport.se/event/robotiklager-norrkoping-2026/
2026-03-15T11:22:47+00:00,2443,https://ungvetenskapssport.se/event/robotiklager-norrkoping-2026/
2026-03-15T11:47:00+00:00,2444,https://ungvetenskapssport.se/event/robotiklager-norrkoping-2026/
2026-03-15T11:59:54+00:00,2446,https://ungvetenskapssport.se/event/robotiklager-norrkoping-2026/
2026-03-15T13:11:44+00:00,2447,https://ungvetenskapssport.se/event/robotiklager-norrkoping-2026/
2026-03-15T14:57:42+00:00,2448,https://ungvetenskapssport.se/event/robotiklager-norrkoping-2026/
2026-03-15T15:55:07+00:00,2449,https://ungvetenskapssport.se/event/robotiklager-norrkoping-2026/
2026-03-15T16:27:28+00:00,2450,https://ungvetenskapssport.se/event/robotiklager-norrkoping-2026/
2026-03-15T16:57:27+00:00,2451,https://ungvetenskapssport.se/event/robotiklager-norrkoping-2026/
2026-03-15T17:29:49+00:00,2452,https://ungvetenskapssport.se/event/robotiklager-norrkoping-2026/
2026-03-15T17:54:55+00:00,2453,https://ungvetenskapssport.se/event/robotiklager-norrkoping-2026/
2026-03-15T19:06:45+00:00,2455,https://ungvetenskapssport.se/event/robotiklager-norrkoping-2026/
2026-03-15T19:38:53+00:00,2456,https://ungvetenskapssport.se/event/robotiklager-norrkoping-2026/
2026-03-15T19:55:11+00:00,2457,https://ungvetenskapssport.se/event/robotiklager-norrkoping-2026/
2026-03-15T20:24:14+00:00,2458,https://ungvetenskapssport.se/event/robotiklager-norrkoping-2026/
2026-03-15T20:52:20+00:00,2459,https://ungvetenskapssport.se/event/robotiklager-norrkoping-2026/
2026-03-15T21:23:54+00:00,2460,https://ungvetenskapssport.se/event/robotiklager-norrkoping-2026/
2026-03-15T22:48:46+00:00,2461,https://ungvetenskapssport.se/event/robotiklager-norrkoping-2026/
2026-03-15T23:46:34+00:00,2462,https://ungvetenskapssport.se/event/robotiklager-norrkoping-2026/
2026-03-16T00:02:53+00:00,2463,https://ungvetenskapssport.se/event/robotiklager-norrkoping-2026/
2026-03-16T03:31:22+00:00,2464,https://ungvetenskapssport.se/event/robotiklager-norrkoping-2026/
2026-03-16T05:31:54+00:00,2465,https://ungvetenskapssport.se/event/robotiklager-norrkoping-2026/
2026-03-16T06:56:39+00:00,2466,https://ungvetenskapssport.se/event/robotiklager-norrkoping-2026/
2026-03-16T08:07:27+00:00,2467,https://ungvetenskapssport.se/event/robotiklager-norrkoping-2026/
2026-03-16T09:11:19+00:00,2469,https://ungvetenskapssport.se/event/robotiklager-norrkoping-2026/
2026-03-16T10:16:37+00:00,2470,https://ungvetenskapssport.se/event/robotiklager-norrkoping-2026/
2026-03-16T11:13:15+00:00,2471,https://ungvetenskapssport.se/event/robotiklager-norrkoping-2026/
2026-03-16T11:59:11+00:00,2472,https://ungvetenskapssport.se/event/robotiklager-norrkoping-2026/
2026-03-16T13:42:23+00:00,2474,https://ungvetenskapssport.se/event/robotiklager-norrkoping-2026/
2026-03-16T14:48:19+00:00,2475,https://ungvetenskapssport.se/event/robotiklager-norrkoping-2026/
2026-03-16T15:48:52+00:00,2477,https://ungvetenskapssport.se/event/robotiklager-norrkoping-2026/
2026-03-16T16:45:43+00:00,2478,https://ungvetenskapssport.se/event/robotiklager-norrkoping-2026/
2026-03-16T17:46:46+00:00,2479,https://ungvetenskapssport.se/event/robotiklager-norrkoping-2026/
2026-03-16T19:40:41+00:00,2480,https://ungvetenskapssport.se/event/robotiklager-norrkoping-2026/
2026-03-16T20:22:18+00:00,2481,https://ungvetenskapssport.se/event/robotiklager-norrkoping-2026/
2026-03-16T21:03:36+00:00,2482,https://ungvetenskapssport.se/event/robotiklager-norrkoping-2026/
2026-03-16T21:51:43+00:00,2483,https://ungvetenskapssport.se/event/robotiklager-norrkoping-2026/
2026-03-16T22:28:20+00:00,2484,https://ungvetenskapssport.se/event/robotiklager-norrkoping-2026/
2026-03-16T22:57:45+00:00,2487,https://ungvetenskapssport.se/event/robotiklager-norrkoping-2026/
2026-03-16T23:34:07+00:00,2488,https://ungvetenskapssport.se/event/robotiklager-norrkoping-2026/
2026-03-16T23:56:10+00:00,2489,https://ungvetenskapssport.se/event/robotiklager-norrkoping-2026/
2026-03-17T02:01:23+00:00,2490,https://ungvetenskapssport.se/event/robotiklager-norrkoping-2026/
2026-03-17T04:25:04+00:00,2491,https://ungvetenskapssport.se/event/robotiklager-norrkoping-2026/
2026-03-17T06:44:13+00:00,2492,https://ungvetenskapssport.se/event/robotiklager-norrkoping-2026/
2026-03-17T08:34:07+00:00,2493,https://ungvetenskapssport.se/event/robotiklager-norrkoping-2026/
2026-03-17T09:34:42+00:00,2494,https://ungvetenskapssport.se/event/robotiklager-norrkoping-2026/
2026-03-17T10:30:07+00:00,2495,https://ungvetenskapssport.se/event/robotiklager-norrkoping-2026/
2026-03-17T12:00:29+00:00,2496,https://ungvetenskapssport.se/event/robotiklager-norrkoping-2026/
2026-03-17T13:47:39+00:00,2498,https://ungvetenskapssport.se/event/robotiklager-norrkoping-2026/
2026-03-17T14:44:41+00:00,2499,https://ungvetenskapssport.se/event/robotiklager-norrkoping-2026/
2026-03-17T15:46:02+00:00,2500,https://ungvetenskapssport.se/event/robotiklager-norrkoping-2026/
2026-03-17T16:46:49+00:00,2502,https://ungvetenskapssport.se/event/robotiklager-norrkoping-2026/
2026-03-17T17:44:56+00:00,2503,https://ungvetenskapssport.se/event/robotiklager-norrkoping-2026/
2026-03-17T18:39:10+00:00,2504,https://ungvetenskapssport.se/event/robotiklager-norrkoping-2026/
2026-03-17T19:41:07+00:00,2505,https://ungvetenskapssport.se/event/robotiklager-norrkoping-2026/
2026-03-17T21:03:25+00:00,2506,https://ungvetenskapssport.se/event/robotiklager-norrkoping-2026/
2026-03-17T21:51:10+00:00,2507,https://ungvetenskapssport.se/event/robotiklager-norrkoping-2026/
2026-03-17T22:28:27+00:00,2508,https://ungvetenskapssport.se/event/robotiklager-norrkoping-2026/
2026-03-17T23:01:26+00:00,2509,https://ungvetenskapssport.se/event/robotiklager-norrkoping-2026/
2026-03-17T23:44:49+00:00,2510,https://ungvetenskapssport.se/event/robotiklager-norrkoping-2026/
2026-03-18T00:03:35+00:00,2511,https://ungvetenskapssport.se/event/robotiklager-norrkoping-2026/
2026-03-18T03:17:06+00:00,2512,https://ungvetenskapssport.se/event/robotiklager-norrkoping-2026/
2026-03-18T05:09:48+00:00,2513,https://ungvetenskapssport.se/event/robotiklager-norrkoping-2026/
2026-03-18T08:07:32+00:00,2515,https://ungvetenskapssport.se/event/robotiklager-norrkoping-2026/
2026-03-18T09:05:19+00:00,2517,https://ungvetenskapssport.se/event/robotiklager-norrkoping-2026/
2026-03-18T10:08:20+00:00,2518,https://ungvetenskapssport.se/event/robotiklager-norrkoping-2026/
2026-03-18T11:07:46+00:00,2519,https://ungvetenskapssport.se/event/robotiklager-norrkoping-2026/
2026-03-18T13:08:26+00:00,2521,https://ungvetenskapssport.se/event/robotiklager-norrkoping-2026/
2026-03-18T14:39:55+00:00,2522,https://ungvetenskapssport.se/event/robotiklager-norrkoping-2026/
2026-03-18T15:51:22+00:00,2523,https://ungvetenskapssport.se/event/robotiklager-norrkoping-2026/
2026-03-18T16:55:38+00:00,2524,https://ungvetenskapssport.se/event/robotiklager-norrkoping-2026/
2026-03-18T17:58:45+00:00,2526,https://ungvetenskapssport.se/event/robotiklager-norrkoping-2026/
2026-03-18T19:10:02+00:00,2527,https://ungvetenskapssport.se/event/robotiklager-norrkoping-2026/
2026-03-18T19:52:49+00:00,2528,https://ungvetenskapssport.se/event/robotiklager-norrkoping-2026/
2026-03-18T20:31:14+00:00,2529,https://ungvetenskapssport.se/event/robotiklager-norrkoping-2026/
2026-03-18T21:07:03+00:00,2530,https://ungvetenskapssport.se/event/robotiklager-norrkoping-2026/
2026-03-18T21:48:00+00:00,2531,https://ungvetenskapssport.se/event/robotiklager-norrkoping-2026/
2026-03-18T22:50:40+00:00,2532,https://ungvetenskapssport.se/event/robotiklager-norrkoping-2026/
2026-03-18T23:27:09+00:00,2533,https://ungvetenskapssport.se/event/robotiklager-norrkoping-2026/
2026-03-18T23:52:15+00:00,2534,https://ungvetenskapssport.se/event/robotiklager-norrkoping-2026/
2026-03-19T01:53:51+00:00,2535,https://ungvetenskapssport.se/event/robotiklager-norrkoping-2026/
2026-03-19T04:20:57+00:00,2536,https://ungvetenskapssport.se/event/robotiklager-norrkoping-2026/
2026-03-19T05:41:23+00:00,2537,https://ungvetenskapssport.se/event/robotiklager-norrkoping-2026/
2026-03-19T06:39:26+00:00,2539,https://ungvetenskapssport.se/event/robotiklager-norrkoping-2026/
2026-03-19T07:35:31+00:00,2540,https://ungvetenskapssport.se/event/robotiklager-norrkoping-2026/
2026-03-19T08:06:03+00:00,2541,https://ungvetenskapssport.se/event/robotiklager-norrkoping-2026/
2026-03-19T08:59:18+00:00,2542,https://ungvetenskapssport.se/event/robotiklager-norrkoping-2026/
2026-03-19T09:54:38+00:00,2543,https://ungvetenskapssport.se/event/robotiklager-norrkoping-2026/
2026-03-19T10:35:38+00:00,2544,https://ungvetenskapssport.se/event/robotiklager-norrkoping-2026/
2026-03-19T11:20:52+00:00,2545,https://ungvetenskapssport.se/event/robotiklager-norrkoping-2026/
2026-03-19T11:56:15+00:00,2546,https://ungvetenskapssport.se/event/robotiklager-norrkoping-2026/
2026-03-19T13:02:30+00:00,2547,https://ungvetenskapssport.se/event/robotiklager-norrkoping-2026/
2026-03-19T14:11:36+00:00,2548,https://ungvetenskapssport.se/event/robotiklager-norrkoping-2026/
2026-03-19T15:07:25+00:00,2549,https://ungvetenskapssport.se/event/robotiklager-norrkoping-2026/
2026-03-19T16:05:31+00:00,2550,https://ungvetenskapssport.se/event/robotiklager-norrkoping-2026/
2026-03-19T17:11:01+00:00,2551,https://ungvetenskapssport.se/event/robotiklager-norrkoping-2026/
2026-03-19T18:04:15+00:00,2552,https://ungvetenskapssport.se/event/robotiklager-norrkoping-2026/
2026-03-19T19:11:42+00:00,2553,https://ungvetenskapssport.se/event/robotiklager-norrkoping-2026/
2026-03-19T20:32:08+00:00,2554,https://ungvetenskapssport.se/event/robotiklager-norrkoping-2026/
2026-03-19T21:06:18+00:00,2555,https://ungvetenskapssport.se/event/robotiklager-norrkoping-2026/
2026-03-19T21:47:19+00:00,2556,https://ungvetenskapssport.se/event/robotiklager-norrkoping-2026/
2026-03-19T22:02:00+00:00,2557,https://ungvetenskapssport.se/event/robotiklager-norrkoping-2026/
2026-03-19T22:45:47+00:00,2558,https://ungvetenskapssport.se/event/robotiklager-norrkoping-2026/
2026-03-19T23:14:50+00:00,2559,https://ungvetenskapssport.se/event/robotiklager-norrkoping-2026/
2026-03-19T23:46:09+00:00,2560,https://ungvetenskapssport.se/event/robotiklager-norrkoping-2026/
2026-03-20T00:01:43+00:00,2561,https://ungvetenskapssport.se/event/robotiklager-norrkoping-2026/
2026-03-20T02:51:24+00:00,2562,https://ungvetenskapssport.se/event/robotiklager-norrkoping-2026/
2026-03-20T04:43:34+00:00,2563,https://ungvetenskapssport.se/event/robotiklager-norrkoping-2026/
2026-03-20T05:40:22+00:00,2564,https://ungvetenskapssport.se/event/robotiklager-norrkoping-2026/
2026-03-20T06:36:21+00:00,2567,https://ungvetenskapssport.se/event/robotiklager-norrkoping-2026/
2026-03-20T07:32:35+00:00,2568,https://ungvetenskapssport.se/event/robotiklager-norrkoping-2026/
2026-03-20T08:04:43+00:00,2569,https://ungvetenskapssport.se/event/robotiklager-norrkoping-2026/
2026-03-20T08:56:50+00:00,2570,https://ungvetenskapssport.se/event/robotiklager-norrkoping-2026/
2026-03-20T09:41:32+00:00,2571,https://ungvetenskapssport.se/event/robotiklager-norrkoping-2026/
2026-03-20T10:22:17+00:00,2572,https://ungvetenskapssport.se/event/robotiklager-norrkoping-2026/
2026-03-20T11:02:58+00:00,2573,https://ungvetenskapssport.se/event/robotiklager-norrkoping-2026/
2026-03-20T11:41:40+00:00,2574,https://ungvetenskapssport.se/event/robotiklager-norrkoping-2026/
2026-03-20T12:02:01+00:00,2575,https://ungvetenskapssport.se/event/robotiklager-norrkoping-2026/
2026-03-20T13:22:03+00:00,2576,https://ungvetenskapssport.se/event/robotiklager-norrkoping-2026/
2026-03-20T14:10:38+00:00,2577,https://ungvetenskapssport.se/event/robotiklager-norrkoping-2026/
2026-03-20T15:04:29+00:00,2578,https://ungvetenskapssport.se/event/robotiklager-norrkoping-2026/
2026-03-20T15:55:20+00:00,2579,https://ungvetenskapssport.se/event/robotiklager-norrkoping-2026/
2026-03-20T16:38:43+00:00,2580,https://ungvetenskapssport.se/event/robotiklager-norrkoping-2026/
2026-03-20T17:22:47+00:00,2581,https://ungvetenskapssport.se/event/robotiklager-norrkoping-2026/
2026-03-20T17:58:33+00:00,2582,https://ungvetenskapssport.se/event/robotiklager-norrkoping-2026/
2026-03-20T18:57:15+00:00,2583,https://ungvetenskapssport.se/event/robotiklager-norrkoping-2026/
2026-03-20T19:37:25+00:00,2584,https://ungvetenskapssport.se/event/robotiklager-norrkoping-2026/
2026-03-20T20:00:27+00:00,2585,https://ungvetenskapssport.se/event/robotiklager-norrkoping-2026/
2026-03-20T20:48:27+00:00,2586,https://ungvetenskapssport.se/event/robotiklager-norrkoping-2026/
2026-03-20T21:16:09+00:00,2587,https://ungvetenskapssport.se/event/robotiklager-norrkoping-2026/
2026-03-20T21:46:54+00:00,2588,https://ungvetenskapssport.se/event/robotiklager-norrkoping-2026/
2026-03-20T22:01:19+00:00,2589,https://ungvetenskapssport.se/event/robotiklager-norrkoping-2026/
2026-03-20T22:45:15+00:00,2590,https://ungvetenskapssport.se/event/robotiklager-norrkoping-2026/
2026-03-20T23:03:35+00:00,2591,https://ungvetenskapssport.se/event/robotiklager-norrkoping-2026/
2026-03-20T23:39:34+00:00,2592,https://ungvetenskapssport.se/event/robotiklager-norrkoping-2026/
2026-03-20T23:57:34+00:00,2593,https://ungvetenskapssport.se/event/robotiklager-norrkoping-2026/
2026-03-21T02:10:27+00:00,2594,https://ungvetenskapssport.se/event/robotiklager-norrkoping-2026/
2026-03-21T04:14:15+00:00,2595,https://ungvetenskapssport.se/event/robotiklager-norrkoping-2026/
2026-03-21T05:13:13+00:00,2596,https://ungvetenskapssport.se/event/robotiklager-norrkoping-2026/
2026-03-21T05:55:55+00:00,2597,https://ungvetenskapssport.se/event/robotiklager-norrkoping-2026/
2026-03-21T06:39:51+00:00,2598,https://ungvetenskapssport.se/event/robotiklager-norrkoping-2026/
2026-03-21T07:21:14+00:00,2599,https://ungvetenskapssport.se/event/robotiklager-norrkoping-2026/
2026-03-21T07:50:39+00:00,2601,https://ungvetenskapssport.se/event/robotiklager-norrkoping-2026/
2026-03-21T08:27:30+00:00,2602,https://ungvetenskapssport.se/event/robotiklager-norrkoping-2026/
2026-03-21T09:35:09+00:00,2603,https://ungvetenskapssport.se/event/robotiklager-norrkoping-2026/
2026-03-21T09:56:56+00:00,2604,https://ungvetenskapssport.se/event/robotiklager-norrkoping-2026/
2026-03-21T10:27:35+00:00,2605,https://ungvetenskapssport.se/event/robotiklager-norrkoping-2026/
2026-03-21T10:52:47+00:00,2606,https://ungvetenskapssport.se/event/robotiklager-norrkoping-2026/
2026-03-21T11:19:35+00:00,2607,https://ungvetenskapssport.se/event/robotiklager-norrkoping-2026/
2026-03-21T11:41:02+00:00,2609,https://ungvetenskapssport.se/event/robotiklager-norrkoping-2026/
2026-03-21T11:57:55+00:00,2610,https://ungvetenskapssport.se/event/robotiklager-norrkoping-2026/
2026-03-21T12:56:43+00:00,2611,https://ungvetenskapssport.se/event/robotiklager-norrkoping-2026/
2026-03-21T13:42:07+00:00,2612,https://ungvetenskapssport.se/event/robotiklager-norrkoping-2026/
2026-03-21T14:03:39+00:00,2613,https://ungvetenskapssport.se/event/robotiklager-norrkoping-2026/
2026-03-21T14:40:00+00:00,2614,https://ungvetenskapssport.se/event/robotiklager-norrkoping-2026/
2026-03-21T15:30:45+00:00,2615,https://ungvetenskapssport.se/event/robotiklager-norrkoping-2026/
2026-03-21T15:52:44+00:00,2616,https://ungvetenskapssport.se/event/robotiklager-norrkoping-2026/
2026-03-21T16:24:10+00:00,2617,https://ungvetenskapssport.se/event/robotiklager-norrkoping-2026/
2026-03-21T16:53:34+00:00,2618,https://ungvetenskapssport.se/event/robotiklager-norrkoping-2026/
2026-03-21T17:21:41+00:00,2619,https://ungvetenskapssport.se/event/robotiklager-norrkoping-2026/
2026-03-21T17:49:06+00:00,2620,https://ungvetenskapssport.se/event/robotiklager-norrkoping-2026/
2026-03-21T18:01:11+00:00,2621,https://ungvetenskapssport.se/event/robotiklager-norrkoping-2026/
2026-03-21T18:52:22+00:00,2622,https://ungvetenskapssport.se/event/robotiklager-norrkoping-2026/
2026-03-21T19:20:22+00:00,2623,https://ungvetenskapssport.se/event/robotiklager-norrkoping-2026/
2026-03-21T19:44:14+00:00,2624,https://ungvetenskapssport.se/event/robotiklager-norrkoping-2026/
2026-03-21T19:57:03+00:00,2625,https://ungvetenskapssport.se/event/robotiklager-norrkoping-2026/
2026-03-21T20:28:42+00:00,2626,https://ungvetenskapssport.se/event/robotiklager-norrkoping-2026/
2026-03-21T20:51:55+00:00,2627,https://ungvetenskapssport.se/event/robotiklager-norrkoping-2026/
2026-03-21T21:20:56+00:00,2628,https://ungvetenskapssport.se/event/robotiklager-norrkoping-2026/
2026-03-21T21:46:22+00:00,2630,https://ungvetenskapssport.se/event/robotiklager-norrkoping-2026/
2026-03-21T21:59:32+00:00,2631,https://ungvetenskapssport.se/event/robotiklager-norrkoping-2026/
2026-03-21T22:55:43+00:00,2633,https://ungvetenskapssport.se/event/robotiklager-norrkoping-2026/
2026-03-21T23:21:47+00:00,2634,https://ungvetenskapssport.se/event/robotiklager-norrkoping-2026/
2026-03-21T23:46:28+00:00,2635,https://ungvetenskapssport.se/event/robotiklager-norrkoping-2026/
2026-03-21T23:59:50+00:00,2636,https://ungvetenskapssport.se/event/robotiklager-norrkoping-2026/
2026-03-22T03:14:46+00:00,2637,https://ungvetenskapssport.se/event/robotiklager-norrkoping-2026/
2026-03-22T05:01:48+00:00,2638,https://ungvetenskapssport.se/event/robotiklager-norrkoping-2026/
2026-03-22T07:04:52+00:00,2639,https://ungvetenskapssport.se/event/robotiklager-norrkoping-2026/
2026-03-22T07:46:50+00:00,2640,https://ungvetenskapssport.se/event/robotiklager-norrkoping-2026/
2026-03-22T08:01:57+00:00,2641,https://ungvetenskapssport.se/event/robotiklager-norrkoping-2026/
2026-03-22T08:50:17+00:00,2642,https://ungvetenskapssport.se/event/robotiklager-norrkoping-2026/
2026-03-22T09:27:47+00:00,2643,https://ungvetenskapssport.se/event/robotiklager-norrkoping-2026/
2026-03-22T09:55:17+00:00,2644,https://ungvetenskapssport.se/event/robotiklager-norrkoping-2026/
2026-03-22T10:23:32+00:00,2645,https://ungvetenskapssport.se/event/robotiklager-norrkoping-2026/
2026-03-22T10:52:30+00:00,2646,https://ungvetenskapssport.se/event/robotiklager-norrkoping-2026/
2026-03-22T11:41:34+00:00,2648,https://ungvetenskapssport.se/event/robotiklager-norrkoping-2026/
2026-03-22T11:58:39+00:00,2649,https://ungvetenskapssport.se/event/robotiklager-norrkoping-2026/
2026-03-22T13:03:20+00:00,2650,https://ungvetenskapssport.se/event/robotiklager-norrkoping-2026/
2026-03-22T13:51:01+00:00,2651,https://ungvetenskapssport.se/event/robotiklager-norrkoping-2026/
2026-03-22T14:23:31+00:00,2652,https://ungvetenskapssport.se/event/robotiklager-norrkoping-2026/
2026-03-22T14:52:20+00:00,2653,https://ungvetenskapssport.se/event/robotiklager-norrkoping-2026/
2026-03-22T15:47:15+00:00,2654,https://ungvetenskapssport.se/event/robotiklager-norrkoping-2026/
2026-03-22T16:00:40+00:00,2655,https://ungvetenskapssport.se/event/robotiklager-norrkoping-2026/
2026-03-22T16:45:28+00:00,2657,https://ungvetenskapssport.se/event/robotiklager-norrkoping-2026/
2026-03-22T17:02:25+00:00,2658,https://ungvetenskapssport.se/event/robotiklager-norrkoping-2026/
2026-03-22T17:36:43+00:00,2659,https://ungvetenskapssport.se/event/robotiklager-norrkoping-2026/
2026-03-22T17:55:47+00:00,2660,https://ungvetenskapssport.se/event/robotiklager-norrkoping-2026/
2026-03-22T18:34:02+00:00,2661,https://ungvetenskapssport.se/event/robotiklager-norrkoping-2026/
2026-03-22T19:03:56+00:00,2662,https://ungvetenskapssport.se/event/robotiklager-norrkoping-2026/
2026-03-22T19:35:35+00:00,2665,https://ungvetenskapssport.se/event/robotiklager-norrkoping-2026/
2026-03-22T19:51:15+00:00,2666,https://ungvetenskapssport.se/event/robotiklager-norrkoping-2026/
2026-03-22T20:21:55+00:00,2667,https://ungvetenskapssport.se/event/robotiklager-norrkoping-2026/
2026-03-22T20:50:45+00:00,2668,https://ungvetenskapssport.se/event/robotiklager-norrkoping-2026/
2026-03-22T21:21:36+00:00,2669,https://ungvetenskapssport.se/event/robotiklager-norrkoping-2026/
2026-03-22T21:47:58+00:00,2670,https://ungvetenskapssport.se/event/robotiklager-norrkoping-2026/
2026-03-22T22:00:46+00:00,2671,https://ungvetenskapssport.se/event/robotiklager-norrkoping-2026/
2026-03-22T22:40:22+00:00,2672,https://ungvetenskapssport.se/event/robotiklager-norrkoping-2026/
2026-03-22T23:02:05+00:00,2673,https://ungvetenskapssport.se/event/robotiklager-norrkoping-2026/
2026-03-22T23:39:45+00:00,2674,https://ungvetenskapssport.se/event/robotiklager-norrkoping-2026/
2026-03-22T23:59:31+00:00,2675,https://ungvetenskapssport.se/event/robotiklager-norrkoping-2026/
2026-03-23T04:59:35+00:00,2676,https://ungvetenskapssport.se/event/robotiklager-norrkoping-2026/
2026-03-23T06:12:50+00:00,2677,https://ungvetenskapssport.se/event/robotiklager-norrkoping-2026/
2026-03-23T07:40:20+00:00,2678,https://ungvetenskapssport.se/event/robotiklager-norrkoping-2026/
2026-03-23T08:36:23+00:00,2679,https://ungvetenskapssport.se/event/robotiklager-norrkoping-2026/
2026-03-23T09:42:14+00:00,2681,https://ungvetenskapssport.se/event/robotiklager-norrkoping-2026/
2026-03-23T10:37:52+00:00,2682,https://ungvetenskapssport.se/event/robotiklager-norrkoping-2026/
2026-03-23T11:28:43+00:00,2683,https://ungvetenskapssport.se/event/robotiklager-norrkoping-2026/
2026-03-23T12:03:42+00:00,2684,https://ungvetenskapssport.se/event/robotiklager-norrkoping-2026/
2026-03-23T13:44:09+00:00,2685,https://ungvetenskapssport.se/event/robotiklager-norrkoping-2026/
2026-03-23T14:43:29+00:00,2686,https://ungvetenskapssport.se/event/robotiklager-norrkoping-2026/
2026-03-23T15:43:57+00:00,2687,https://ungvetenskapssport.se/event/robotiklager-norrkoping-2026/
2026-03-23T16:37:47+00:00,2688,https://ungvetenskapssport.se/event/robotiklager-norrkoping-2026/
2026-03-23T17:31:56+00:00,2689,https://ungvetenskapssport.se/event/robotiklager-norrkoping-2026/
2026-03-23T18:28:27+00:00,2690,https://ungvetenskapssport.se/event/robotiklager-norrkoping-2026/
2026-03-23T19:28:16+00:00,2691,https://ungvetenskapssport.se/event/robotiklager-norrkoping-2026/
2026-03-23T20:02:24+00:00,2693,https://ungvetenskapssport.se/event/robotiklager-norrkoping-2026/
2026-03-23T20:51:34+00:00,2695,https://ungvetenskapssport.se/event/robotiklager-norrkoping-2026/
2026-03-23T21:31:38+00:00,2696,https://ungvetenskapssport.se/event/robotiklager-norrkoping-2026/
2026-03-23T22:00:04+00:00,2697,https://ungvetenskapssport.se/event/robotiklager-norrkoping-2026/
2026-03-23T22:41:49+00:00,2698,https://ungvetenskapssport.se/event/robotiklager-norrkoping-2026/
2026-03-23T23:49:25+00:00,2699,https://ungvetenskapssport.se/event/robotiklager-norrkoping-2026/
2026-03-24T00:52:32+00:00,2700,https://ungvetenskapssport.se/event/robotiklager-norrkoping-2026/
2026-03-24T03:32:13+00:00,2701,https://ungvetenskapssport.se/event/robotiklager-norrkoping-2026/
2026-03-24T05:12:32+00:00,2702,https://ungvetenskapssport.se/event/robotiklager-norrkoping-2026/
2026-03-24T06:15:30+00:00,2703,https://ungvetenskapssport.se/event/robotiklager-norrkoping-2026/
2026-03-24T07:31:27+00:00,2704,https://ungvetenskapssport.se/event/robotiklager-norrkoping-2026/
2026-03-24T08:26:34+00:00,2705,https://ungvetenskapssport.se/event/robotiklager-norrkoping-2026/
2026-03-24T09:27:34+00:00,2706,https://ungvetenskapssport.se/event/robotiklager-norrkoping-2026/
2026-03-24T10:26:20+00:00,2707,https://ungvetenskapssport.se/event/robotiklager-norrkoping-2026/
2026-03-24T11:13:37+00:00,2709,https://ungvetenskapssport.se/event/robotiklager-norrkoping-2026/
2026-03-24T11:58:18+00:00,2710,https://ungvetenskapssport.se/event/robotiklager-norrkoping-2026/
2026-03-24T13:21:49+00:00,2711,https://ungvetenskapssport.se/event/robotiklager-norrkoping-2026/
2026-03-24T14:39:58+00:00,2712,https://ungvetenskapssport.se/event/robotiklager-norrkoping-2026/
2026-03-24T15:45:25+00:00,2714,https://ungvetenskapssport.se/event/robotiklager-norrkoping-2026/
2026-03-24T16:43:48+00:00,2715,https://ungvetenskapssport.se/event/robotiklager-norrkoping-2026/
2026-03-24T17:41:15+00:00,2716,https://ungvetenskapssport.se/event/robotiklager-norrkoping-2026/
2026-03-24T18:41:20+00:00,2717,https://ungvetenskapssport.se/event/robotiklager-norrkoping-2026/
2026-03-24T19:42:26+00:00,2718,https://ungvetenskapssport.se/event/robotiklager-norrkoping-2026/
2026-03-24T20:25:35+00:00,2719,https://ungvetenskapssport.se/event/robotiklager-norrkoping-2026/
2026-03-24T21:02:40+00:00,2720,https://ungvetenskapssport.se/event/robotiklager-norrkoping-2026/
2026-03-24T21:50:03+00:00,2721,https://ungvetenskapssport.se/event/robotiklager-norrkoping-2026/
2026-03-24T22:16:57+00:00,2722,https://ungvetenskapssport.se/event/robotiklager-norrkoping-2026/
2026-03-24T22:52:13+00:00,2723,https://ungvetenskapssport.se/event/robotiklager-norrkoping-2026/
2026-03-24T23:55:33+00:00,2724,https://ungvetenskapssport.se/event/robotiklager-norrkoping-2026/
2026-03-25T01:57:00+00:00,2725,https://ungvetenskapssport.se/event/robotiklager-norrkoping-2026/
2026-03-25T04:22:02+00:00,2726,https://ungvetenskapssport.se/event/robotiklager-norrkoping-2026/
2026-03-25T06:44:07+00:00,2727,https://ungvetenskapssport.se/event/robotiklager-norrkoping-2026/
2026-03-25T07:42:01+00:00,2728,https://ungvetenskapssport.se/event/robotiklager-norrkoping-2026/
2026-03-25T08:33:22+00:00,2729,https://ungvetenskapssport.se/event/robotiklager-norrkoping-2026/
2026-03-25T09:33:16+00:00,2730,https://ungvetenskapssport.se/event/robotiklager-norrkoping-2026/
2026-03-25T10:29:40+00:00,2731,https://ungvetenskapssport.se/event/robotiklager-norrkoping-2026/
2026-03-25T11:23:40+00:00,2732,https://ungvetenskapssport.se/event/robotiklager-norrkoping-2026/
2026-03-25T12:01:12+00:00,2733,https://ungvetenskapssport.se/event/robotiklager-norrkoping-2026/
2026-03-25T13:46:04+00:00,2734,https://ungvetenskapssport.se/event/robotiklager-norrkoping-2026/
2026-03-25T14:46:03+00:00,2735,https://ungvetenskapssport.se/event/robotiklager-norrkoping-2026/
2026-03-25T16:58:12+00:00,2736,https://ungvetenskapssport.se/event/robotiklager-norrkoping-2026/
2026-03-25T19:09:08+00:00,2738,https://ungvetenskapssport.se/event/robotiklager-norrkoping-2026/
2026-03-25T19:52:53+00:00,2739,https://ungvetenskapssport.se/event/robotiklager-norrkoping-2026/
2026-03-25T20:34:10+00:00,2740,https://ungvetenskapssport.se/event/robotiklager-norrkoping-2026/
2026-03-25T21:51:52+00:00,2741,https://ungvetenskapssport.se/event/robotiklager-norrkoping-2026/
2026-03-25T22:31:36+00:00,2742,https://ungvetenskapssport.se/event/robotiklager-norrkoping-2026/
2026-03-25T23:05:54+00:00,2743,https://ungvetenskapssport.se/event/robotiklager-norrkoping-2026/
2026-03-25T23:48:25+00:00,2744,https://ungvetenskapssport.se/event/robotiklager-norrkoping-2026/
2026-03-26T01:02:17+00:00,2745,https://ungvetenskapssport.se/event/robotiklager-norrkoping-2026/
2026-03-26T03:54:26+00:00,2746,https://ungvetenskapssport.se/event/robotiklager-norrkoping-2026/
2026-03-26T05:39:25+00:00,2747,https://ungvetenskapssport.se/event/robotiklager-norrkoping-2026/
2026-03-26T06:48:12+00:00,2748,https://ungvetenskapssport.se/event/robotiklager-norrkoping-2026/
2026-03-26T07:49:26+00:00,2749,https://ungvetenskapssport.se/event/robotiklager-norrkoping-2026/
2026-03-26T08:36:38+00:00,2750,https://ungvetenskapssport.se/event/robotiklager-norrkoping-2026/
2026-03-26T09:41:00+00:00,2751,https://ungvetenskapssport.se/event/robotiklager-norrkoping-2026/
2026-03-26T10:37:06+00:00,2752,https://ungvetenskapssport.se/event/robotiklager-norrkoping-2026/
2026-03-26T11:32:47+00:00,2753,https://ungvetenskapssport.se/event/robotiklager-norrkoping-2026/
2026-03-26T12:36:42+00:00,2754,https://ungvetenskapssport.se/event/robotiklager-norrkoping-2026/
2026-03-26T14:08:15+00:00,2755,https://ungvetenskapssport.se/event/robotiklager-norrkoping-2026/
2026-03-26T15:38:22+00:00,2756,https://ungvetenskapssport.se/event/robotiklager-norrkoping-2026/
2026-03-26T16:43:32+00:00,2757,https://ungvetenskapssport.se/event/robotiklager-norrkoping-2026/
2026-03-26T17:45:17+00:00,2758,https://ungvetenskapssport.se/event/robotiklager-norrkoping-2026/
2026-03-26T18:41:26+00:00,2759,https://ungvetenskapssport.se/event/robotiklager-norrkoping-2026/
2026-03-26T19:44:22+00:00,2761,https://ungvetenskapssport.se/event/robotiklager-norrkoping-2026/
2026-03-26T20:20:16+00:00,2762,https://ungvetenskapssport.se/event/robotiklager-norrkoping-2026/
2026-03-26T20:57:08+00:00,2763,https://ungvetenskapssport.se/event/robotiklager-norrkoping-2026/
2026-03-26T21:33:03+00:00,2764,https://ungvetenskapssport.se/event/robotiklager-norrkoping-2026/
2026-03-26T21:56:41+00:00,2765,https://ungvetenskapssport.se/event/robotiklager-norrkoping-2026/
2026-03-26T22:29:43+00:00,2766,https://ungvetenskapssport.se/event/robotiklager-norrkoping-2026/
2026-03-26T22:57:40+00:00,2767,https://ungvetenskapssport.se/event/robotiklager-norrkoping-2026/
2026-03-27T00:00:19+00:00,2768,https://ungvetenskapssport.se/event/robotiklager-norrkoping-2026/
2026-03-27T03:27:02+00:00,2769,https://ungvetenskapssport.se/event/robotiklager-norrkoping-2026/
2026-03-27T05:22:14+00:00,2770,https://ungvetenskapssport.se/event/robotiklager-norrkoping-2026/
2026-03-27T06:43:58+00:00,2771,https://ungvetenskapssport.se/event/robotiklager-norrkoping-2026/
2026-03-27T07:46:48+00:00,2773,https://ungvetenskapssport.se/event/robotiklager-norrkoping-2026/
2026-03-27T08:34:06+00:00,2774,https://ungvetenskapssport.se/event/robotiklager-norrkoping-2026/
2026-03-27T09:33:39+00:00,2775,https://ungvetenskapssport.se/event/robotiklager-norrkoping-2026/
2026-03-27T10:28:25+00:00,2776,https://ungvetenskapssport.se/event/robotiklager-norrkoping-2026/
2026-03-27T11:23:39+00:00,2777,https://ungvetenskapssport.se/event/robotiklager-norrkoping-2026/
2026-03-27T12:01:11+00:00,2778,https://ungvetenskapssport.se/event/robotiklager-norrkoping-2026/
2026-03-27T13:39:43+00:00,2779,https://ungvetenskapssport.se/event/robotiklager-norrkoping-2026/
2026-03-27T14:35:12+00:00,2780,https://ungvetenskapssport.se/event/robotiklager-norrkoping-2026/
2026-03-27T15:28:10+00:00,2781,https://ungvetenskapssport.se/event/robotiklager-norrkoping-2026/
2026-03-27T16:27:39+00:00,2782,https://ungvetenskapssport.se/event/robotiklager-norrkoping-2026/
2026-03-27T17:26:38+00:00,2783,https://ungvetenskapssport.se/event/robotiklager-norrkoping-2026/
2026-03-27T18:10:16+00:00,2784,https://ungvetenskapssport.se/event/robotiklager-norrkoping-2026/
2026-03-27T19:12:23+00:00,2785,https://ungvetenskapssport.se/event/robotiklager-norrkoping-2026/
2026-03-27T19:53:13+00:00,2786,https://ungvetenskapssport.se/event/robotiklager-norrkoping-2026/
2026-03-27T20:33:57+00:00,2787,https://ungvetenskapssport.se/event/robotiklager-norrkoping-2026/
2026-03-27T21:06:16+00:00,2788,https://ungvetenskapssport.se/event/robotiklager-norrkoping-2026/
2026-03-27T22:16:41+00:00,2790,https://ungvetenskapssport.se/event/robotiklager-norrkoping-2026/
2026-03-27T22:54:25+00:00,2791,https://ungvetenskapssport.se/event/robotiklager-norrkoping-2026/
2026-03-27T23:28:27+00:00,2792,https://ungvetenskapssport.se/event/robotiklager-norrkoping-2026/
2026-03-27T23:53:19+00:00,2793,https://ungvetenskapssport.se/event/robotiklager-norrkoping-2026/
2026-03-28T01:50:26+00:00,2796,https://ungvetenskapssport.se/event/robotiklager-norrkoping-2026/
2026-03-28T04:16:26+00:00,2797,https://ungvetenskapssport.se/event/robotiklager-norrkoping-2026/
2026-03-28T05:36:16+00:00,2798,https://ungvetenskapssport.se/event/robotiklager-norrkoping-2026/
2026-03-28T07:31:11+00:00,2799,https://ungvetenskapssport.se/event/robotiklager-norrkoping-2026/
2026-03-28T08:04:17+00:00,2800,https://ungvetenskapssport.se/event/robotiklager-norrkoping-2026/
2026-03-28T08:54:27+00:00,2801,https://ungvetenskapssport.se/event/robotiklager-norrkoping-2026/
2026-03-28T10:02:40+00:00,2802,https://ungvetenskapssport.se/event/robotiklager-norrkoping-2026/
2026-03-28T10:48:11+00:00,2803,https://ungvetenskapssport.se/event/robotiklager-norrkoping-2026/
2026-03-28T11:14:45+00:00,2804,https://ungvetenskapssport.se/event/robotiklager-norrkoping-2026/
2026-03-28T11:44:02+00:00,2805,https://ungvetenskapssport.se/event/robotiklager-norrkoping-2026/
2026-03-28T12:00:17+00:00,2806,https://ungvetenskapssport.se/event/robotiklager-norrkoping-2026/
2026-03-28T13:16:51+00:00,2810,https://ungvetenskapssport.se/event/robotiklager-norrkoping-2026/
2026-03-28T13:59:27+00:00,2811,https://ungvetenskapssport.se/event/robotiklager-norrkoping-2026/
2026-03-28T14:38:57+00:00,2812,https://ungvetenskapssport.se/event/robotiklager-norrkoping-2026/
2026-03-28T15:01:59+00:00,2813,https://ungvetenskapssport.se/event/robotiklager-norrkoping-2026/
2026-03-28T15:44:10+00:00,2814,https://ungvetenskapssport.se/event/robotiklager-norrkoping-2026/
2026-03-28T16:03:22+00:00,2815,https://ungvetenskapssport.se/event/robotiklager-norrkoping-2026/
2026-03-28T17:16:22+00:00,2817,https://ungvetenskapssport.se/event/robotiklager-norrkoping-2026/
2026-03-28T17:48:30+00:00,2818,https://ungvetenskapssport.se/event/robotiklager-norrkoping-2026/
2026-03-28T19:02:39+00:00,2819,https://ungvetenskapssport.se/event/robotiklager-norrkoping-2026/
2026-03-28T19:57:56+00:00,2820,https://ungvetenskapssport.se/event/robotiklager-norrkoping-2026/
2026-03-28T20:35:19+00:00,2821,https://ungvetenskapssport.se/event/robotiklager-norrkoping-2026/
2026-03-28T20:59:54+00:00,2822,https://ungvetenskapssport.se/event/robotiklager-norrkoping-2026/
2026-03-28T21:38:21+00:00,2823,https://ungvetenskapssport.se/event/robotiklager-norrkoping-2026/
2026-03-28T21:57:36+00:00,2824,https://ungvetenskapssport.se/event/robotiklager-norrkoping-2026/
2026-03-28T22:59:34+00:00,2825,https://ungvetenskapssport.se/event/robotiklager-norrkoping-2026/
2026-03-28T23:38:45+00:00,2826,https://ungvetenskapssport.se/event/robotiklager-norrkoping-2026/
2026-03-28T23:59:27+00:00,2827,https://ungvetenskapssport.se/event/robotiklager-norrkoping-2026/
2026-03-29T03:23:21+00:00,2828,https://ungvetenskapssport.se/event/robotiklager-norrkoping-2026/
2026-03-29T05:23:12+00:00,2829,https://ungvetenskapssport.se/event/robotiklager-norrkoping-2026/
2026-03-29T06:39:58+00:00,2830,https://ungvetenskapssport.se/event/robotiklager-norrkoping-2026/
2026-03-29T07:37:51+00:00,2831,https://ungvetenskapssport.se/event/robotiklager-norrkoping-2026/
2026-03-29T08:04:45+00:00,2832,https://ungvetenskapssport.se/event/robotiklager-norrkoping-2026/
2026-03-29T08:55:39+00:00,2833,https://ungvetenskapssport.se/event/robotiklager-norrkoping-2026/
2026-03-29T09:34:00+00:00,2834,https://ungvetenskapssport.se/event/robotiklager-norrkoping-2026/
2026-03-29T10:03:06+00:00,2835,https://ungvetenskapssport.se/event/robotiklager-norrkoping-2026/
2026-03-29T11:25:10+00:00,2836,https://ungvetenskapssport.se/event/robotiklager-norrkoping-2026/
2026-03-29T12:44:41+00:00,2837,https://ungvetenskapssport.se/event/robotiklager-norrkoping-2026/
2026-03-29T14:21:04+00:00,2838,https://ungvetenskapssport.se/event/robotiklager-norrkoping-2026/
2026-03-29T14:59:24+00:00,2839,https://ungvetenskapssport.se/event/robotiklager-norrkoping-2026/
2026-03-29T15:39:13+00:00,2840,https://ungvetenskapssport.se/event/robotiklager-norrkoping-2026/
2026-03-29T16:49:45+00:00,2841,https://ungvetenskapssport.se/event/robotiklager-norrkoping-2026/
2026-03-29T17:51:18+00:00,2842,https://ungvetenskapssport.se/event/robotiklager-norrkoping-2026/
2026-03-29T19:18:31+00:00,2843,https://ungvetenskapssport.se/event/robotiklager-norrkoping-2026/
2026-03-29T19:49:35+00:00,2844,https://ungvetenskapssport.se/event/robotiklager-norrkoping-2026/
2026-03-29T20:16:25+00:00,2845,https://ungvetenskapssport.se/event/robotiklager-norrkoping-2026/
2026-03-29T20:51:35+00:00,2846,https://ungvetenskapssport.se/event/robotiklager-norrkoping-2026/
2026-03-29T21:27:52+00:00,2847,https://ungvetenskapssport.se/event/robotiklager-norrkoping-2026/
2026-03-29T21:55:25+00:00,2848,https://ungvetenskapssport.se/event/robotiklager-norrkoping-2026/
2026-03-29T22:26:42+00:00,2849,https://ungvetenskapssport.se/event/robotiklager-norrkoping-2026/
2026-03-29T22:59:08+00:00,2850,https://ungvetenskapssport.se/event/robotiklager-norrkoping-2026/
2026-03-29T23:39:47+00:00,2851,https://ungvetenskapssport.se/event/robotiklager-norrkoping-2026/
2026-03-30T00:02:15+00:00,2852,https://ungvetenskapssport.se/event/robotiklager-norrkoping-2026/
2026-03-30T03:35:10+00:00,2853,https://ungvetenskapssport.se/event/robotiklager-norrkoping-2026/
2026-03-30T05:49:24+00:00,2854,https://ungvetenskapssport.se/event/robotiklager-norrkoping-2026/
2026-03-30T07:10:36+00:00,2855,https://ungvetenskapssport.se/event/robotiklager-norrkoping-2026/
2026-03-30T08:51:33+00:00,2857,https://ungvetenskapssport.se/event/robotiklager-norrkoping-2026/
2026-03-30T10:13:19+00:00,2859,https://ungvetenskapssport.se/event/robotiklager-norrkoping-2026/
2026-03-30T11:28:54+00:00,2860,https://ungvetenskapssport.se/event/robotiklager-norrkoping-2026/
2026-03-30T12:09:04+00:00,2861,https://ungvetenskapssport.se/event/robotiklager-norrkoping-2026/
2026-03-30T15:20:06+00:00,2863,https://ungvetenskapssport.se/event/robotiklager-norrkoping-2026/
2026-03-30T16:16:05+00:00,2864,https://ungvetenskapssport.se/event/robotiklager-norrkoping-2026/
2026-03-30T17:13:35+00:00,2865,https://ungvetenskapssport.se/event/robotiklager-norrkoping-2026/
2026-03-30T18:07:56+00:00,2866,https://ungvetenskapssport.se/event/robotiklager-norrkoping-2026/
2026-03-30T19:17:00+00:00,2867,https://ungvetenskapssport.se/event/robotiklager-norrkoping-2026/
2026-03-30T20:02:18+00:00,2868,https://ungvetenskapssport.se/event/robotiklager-norrkoping-2026/
2026-03-30T20:58:49+00:00,2870,https://ungvetenskapssport.se/event/robotiklager-norrkoping-2026/
2026-03-30T21:49:50+00:00,2871,https://ungvetenskapssport.se/event/robotiklager-norrkoping-2026/
2026-03-30T22:20:00+00:00,2872,https://ungvetenskapssport.se/event/robotiklager-norrkoping-2026/
2026-03-30T22:59:37+00:00,2873,https://ungvetenskapssport.se/event/robotiklager-norrkoping-2026/
2026-03-31T04:05:18+00:00,2874,https://ungvetenskapssport.se/event/robotiklager-norrkoping-2026/
2026-03-31T05:50:35+00:00,2875,https://ungvetenskapssport.se/event/robotiklager-norrkoping-2026/
2026-03-31T07:06:52+00:00,2876,https://ungvetenskapssport.se/event/robotiklager-norrkoping-2026/
2026-03-31T08:14:20+00:00,2877,https://ungvetenskapssport.se/event/robotiklager-norrkoping-2026/
2026-03-31T09:33:36+00:00,2878,https://ungvetenskapssport.se/event/robotiklager-norrkoping-2026/
2026-03-31T10:35:51+00:00,2879,https://ungvetenskapssport.se/event/robotiklager-norrkoping-2026/
2026-03-31T11:30:00+00:00,2880,https://ungvetenskapssport.se/event/robotiklager-norrkoping-2026/
2026-03-31T12:08:59+00:00,2881,https://ungvetenskapssport.se/event/robotiklager-norrkoping-2026/
2026-03-31T14:00:36+00:00,2882,https://ungvetenskapssport.se/event/robotiklager-norrkoping-2026/
2026-03-31T15:19:11+00:00,2883,https://ungvetenskapssport.se/event/robotiklager-norrkoping-2026/
2026-03-31T16:31:23+00:00,2884,https://ungvetenskapssport.se/event/robotiklager-norrkoping-2026/
2026-03-31T17:34:42+00:00,2885,https://ungvetenskapssport.se/event/robotiklager-norrkoping-2026/
2026-03-31T18:33:20+00:00,2886,https://ungvetenskapssport.se/event/robotiklager-norrkoping-2026/
2026-03-31T19:37:06+00:00,2887,https://ungvetenskapssport.se/event/robotiklager-norrkoping-2026/
2026-03-31T20:22:18+00:00,2888,https://ungvetenskapssport.se/event/robotiklager-norrkoping-2026/
2026-03-31T21:01:30+00:00,2889,https://ungvetenskapssport.se/event/robotiklager-norrkoping-2026/
2026-03-31T21:51:40+00:00,2890,https://ungvetenskapssport.se/event/robotiklager-norrkoping-2026/
2026-03-31T22:30:30+00:00,2891,https://ungvetenskapssport.se/event/robotiklager-norrkoping-2026/
2026-03-31T23:03:23+00:00,2892,https://ungvetenskapssport.se/event/robotiklager-norrkoping-2026/
2026-03-31T23:47:01+00:00,2893,https://ungvetenskapssport.se/event/robotiklager-norrkoping-2026/
2026-04-01T01:09:22+00:00,2894,https://ungvetenskapssport.se/event/robotiklager-norrkoping-2026/
2026-04-01T04:19:48+00:00,2895,https://ungvetenskapssport.se/event/robotiklager-norrkoping-2026/
2026-04-01T06:06:57+00:00,2897,https://ungvetenskapssport.se/event/robotiklager-norrkoping-2026/
2026-04-01T07:51:25+00:00,2898,https://ungvetenskapssport.se/event/robotiklager-norrkoping-2026/
2026-04-01T08:58:58+00:00,2899,https://ungvetenskapssport.se/event/robotiklager-norrkoping-2026/
2026-04-01T10:10:22+00:00,2900,https://ungvetenskapssport.se/event/robotiklager-norrkoping-2026/
2026-04-01T11:14:59+00:00,2901,https://ungvetenskapssport.se/event/robotiklager-norrkoping-2026/
2026-04-01T12:02:32+00:00,2902,https://ungvetenskapssport.se/event/robotiklager-norrkoping-2026/
2026-04-01T14:00:43+00:00,2903,https://ungvetenskapssport.se/event/robotiklager-norrkoping-2026/
2026-04-01T15:23:22+00:00,2904,https://ungvetenskapssport.se/event/robotiklager-norrkoping-2026/
2026-04-01T16:30:16+00:00,2905,https://ungvetenskapssport.se/event/robotiklager-norrkoping-2026/
2026-04-01T17:31:53+00:00,2906,https://ungvetenskapssport.se/event/robotiklager-norrkoping-2026/
2026-04-01T18:33:31+00:00,2907,https://ungvetenskapssport.se/event/robotiklager-norrkoping-2026/
2026-04-01T19:40:56+00:00,2908,https://ungvetenskapssport.se/event/robotiklager-norrkoping-2026/
2026-04-01T20:27:39+00:00,2909,https://ungvetenskapssport.se/event/robotiklager-norrkoping-2026/
2026-04-01T21:08:33+00:00,2910,https://ungvetenskapssport.se/event/robotiklager-norrkoping-2026/
2026-04-01T21:55:55+00:00,2911,https://ungvetenskapssport.se/event/robotiklager-norrkoping-2026/
2026-04-01T22:34:58+00:00,2912,https://ungvetenskapssport.se/event/robotiklager-norrkoping-2026/
2026-04-01T23:08:35+00:00,2913,https://ungvetenskapssport.se/event/robotiklager-norrkoping-2026/
2026-04-01T23:49:36+00:00,2914,https://ungvetenskapssport.se/event/robotiklager-norrkoping-2026/
2026-04-02T01:00:34+00:00,2915,https://ungvetenskapssport.se/event/robotiklager-norrkoping-2026/
2026-04-02T03:50:59+00:00,2916,https://ungvetenskapssport.se/event/robotiklager-norrkoping-2026/
2026-04-02T06:53:12+00:00,2917,https://ungvetenskapssport.se/event/robotiklager-norrkoping-2026/
2026-04-02T08:03:37+00:00,2918,https://ungvetenskapssport.se/event/robotiklager-norrkoping-2026/
2026-04-02T09:12:15+00:00,2919,https://ungvetenskapssport.se/event/robotiklager-norrkoping-2026/
2026-04-02T10:12:21+00:00,2921,https://ungvetenskapssport.se/event/robotiklager-norrkoping-2026/
2026-04-02T11:11:15+00:00,2922,https://ungvetenskapssport.se/event/robotiklager-norrkoping-2026/
2026-04-02T11:59:37+00:00,2923,https://ungvetenskapssport.se/event/robotiklager-norrkoping-2026/
2026-04-02T13:45:53+00:00,2924,https://ungvetenskapssport.se/event/robotiklager-norrkoping-2026/
2026-04-02T14:42:58+00:00,2925,https://ungvetenskapssport.se/event/robotiklager-norrkoping-2026/
2026-04-02T15:43:38+00:00,2926,https://ungvetenskapssport.se/event/robotiklager-norrkoping-2026/
2026-04-02T16:39:29+00:00,2927,https://ungvetenskapssport.se/event/robotiklager-norrkoping-2026/
2026-04-02T17:32:12+00:00,2928,https://ungvetenskapssport.se/event/robotiklager-norrkoping-2026/
2026-04-02T19:32:07+00:00,2929,https://ungvetenskapssport.se/event/robotiklager-norrkoping-2026/
2026-04-02T20:04:55+00:00,2930,https://ungvetenskapssport.se/event/robotiklager-norrkoping-2026/
2026-04-02T21:23:34+00:00,2931,https://ungvetenskapssport.se/event/robotiklager-norrkoping-2026/
2026-04-02T21:59:15+00:00,2932,https://ungvetenskapssport.se/event/robotiklager-norrkoping-2026/
2026-04-02T22:39:01+00:00,2933,https://ungvetenskapssport.se/event/robotiklager-norrkoping-2026/
2026-04-02T23:03:55+00:00,2934,https://ungvetenskapssport.se/event/robotiklager-norrkoping-2026/
2026-04-02T23:48:07+00:00,2935,https://ungvetenskapssport.se/event/robotiklager-norrkoping-2026/
2026-04-03T03:52:12+00:00,2936,https://ungvetenskapssport.se/event/robotiklager-norrkoping-2026/
2026-04-03T05:39:38+00:00,2937,https://ungvetenskapssport.se/event/robotiklager-norrkoping-2026/
2026-04-03T06:50:14+00:00,2938,https://ungvetenskapssport.se/event/robotiklager-norrkoping-2026/
2026-04-03T08:00:02+00:00,2939,https://ungvetenskapssport.se/event/robotiklager-norrkoping-2026/
2026-04-03T09:05:34+00:00,2940,https://ungvetenskapssport.se/event/robotiklager-norrkoping-2026/
2026-04-03T10:59:28+00:00,2941,https://ungvetenskapssport.se/event/robotiklager-norrkoping-2026/
2026-04-03T11:42:34+00:00,2942,https://ungvetenskapssport.se/event/robotiklager-norrkoping-2026/
2026-04-03T12:29:26+00:00,2943,https://ungvetenskapssport.se/event/robotiklager-norrkoping-2026/
2026-04-03T13:44:17+00:00,2945,https://ungvetenskapssport.se/event/robotiklager-norrkoping-2026/
2026-04-03T14:29:41+00:00,2946,https://ungvetenskapssport.se/event/robotiklager-norrkoping-2026/
2026-04-03T15:10:54+00:00,2947,https://ungvetenskapssport.se/event/robotiklager-norrkoping-2026/
2026-04-03T15:55:12+00:00,2948,https://ungvetenskapssport.se/event/robotiklager-norrkoping-2026/
2026-04-03T16:35:05+00:00,2949,https://ungvetenskapssport.se/event/robotiklager-norrkoping-2026/
2026-04-03T17:05:57+00:00,2950,https://ungvetenskapssport.se/event/robotiklager-norrkoping-2026/
2026-04-03T17:49:57+00:00,2951,https://ungvetenskapssport.se/event/robotiklager-norrkoping-2026/
2026-04-03T18:26:47+00:00,2952,https://ungvetenskapssport.se/event/robotiklager-norrkoping-2026/
2026-04-03T19:11:11+00:00,2953,https://ungvetenskapssport.se/event/robotiklager-norrkoping-2026/
2026-04-03T19:53:51+00:00,2954,https://ungvetenskapssport.se/event/robotiklager-norrkoping-2026/
2026-04-03T21:04:39+00:00,2956,https://ungvetenskapssport.se/event/robotiklager-norrkoping-2026/
2026-04-03T21:46:49+00:00,2958,https://ungvetenskapssport.se/event/robotiklager-norrkoping-2026/
2026-04-03T22:17:06+00:00,2959,https://ungvetenskapssport.se/event/robotiklager-norrkoping-2026/
2026-04-03T22:55:38+00:00,2960,https://ungvetenskapssport.se/event/robotiklager-norrkoping-2026/
2026-04-04T03:12:07+00:00,2961,https://ungvetenskapssport.se/event/robotiklager-norrkoping-2026/
2026-04-04T05:02:54+00:00,2962,https://ungvetenskapssport.se/event/robotiklager-norrkoping-2026/
2026-04-04T06:08:47+00:00,2963,https://ungvetenskapssport.se/event/robotiklager-norrkoping-2026/
2026-04-04T07:15:35+00:00,2964,https://ungvetenskapssport.se/event/robotiklager-norrkoping-2026/
2026-04-04T07:57:15+00:00,2965,https://ungvetenskapssport.se/event/robotiklager-norrkoping-2026/
2026-04-04T08:42:14+00:00,2966,https://ungvetenskapssport.se/event/robotiklager-norrkoping-2026/
2026-04-04T09:23:52+00:00,2967,https://ungvetenskapssport.se/event/robotiklager-norrkoping-2026/
2026-04-04T10:00:28+00:00,2968,https://ungvetenskapssport.se/event/robotiklager-norrkoping-2026/
2026-04-04T11:17:20+00:00,2969,https://ungvetenskapssport.se/event/robotiklager-norrkoping-2026/
2026-04-04T11:46:11+00:00,2970,https://ungvetenskapssport.se/event/robotiklager-norrkoping-2026/
2026-04-04T12:02:10+00:00,2971,https://ungvetenskapssport.se/event/robotiklager-norrkoping-2026/
2026-04-04T13:18:30+00:00,2972,https://ungvetenskapssport.se/event/robotiklager-norrkoping-2026/
2026-04-04T14:01:40+00:00,2973,https://ungvetenskapssport.se/event/robotiklager-norrkoping-2026/
2026-04-04T14:48:06+00:00,2974,https://ungvetenskapssport.se/event/robotiklager-norrkoping-2026/
2026-04-04T15:16:38+00:00,2975,https://ungvetenskapssport.se/event/robotiklager-norrkoping-2026/
2026-04-04T15:48:47+00:00,2976,https://ungvetenskapssport.se/event/robotiklager-norrkoping-2026/
2026-04-04T16:17:20+00:00,2977,https://ungvetenskapssport.se/event/robotiklager-norrkoping-2026/
2026-04-04T16:55:26+00:00,2978,https://ungvetenskapssport.se/event/robotiklager-norrkoping-2026/
2026-04-04T17:26:52+00:00,2979,https://ungvetenskapssport.se/event/robotiklager-norrkoping-2026/
2026-04-04T17:55:59+00:00,2980,https://ungvetenskapssport.se/event/robotiklager-norrkoping-2026/
2026-04-04T18:39:13+00:00,2981,https://ungvetenskapssport.se/event/robotiklager-norrkoping-2026/
2026-04-04T19:18:35+00:00,2982,https://ungvetenskapssport.se/event/robotiklager-norrkoping-2026/
2026-04-04T19:48:34+00:00,2983,https://ungvetenskapssport.se/event/robotiklager-norrkoping-2026/
2026-04-04T21:27:34+00:00,2984,https://ungvetenskapssport.se/event/robotiklager-norrkoping-2026/
2026-04-04T22:24:35+00:00,2985,https://ungvetenskapssport.se/event/robotiklager-norrkoping-2026/
2026-04-04T23:30:28+00:00,2986,https://ungvetenskapssport.se/event/robotiklager-norrkoping-2026/
2026-04-04T23:59:15+00:00,2987,https://ungvetenskapssport.se/event/robotiklager-norrkoping-2026/
2026-04-05T03:23:24+00:00,2988,https://ungvetenskapssport.se/event/robotiklager-norrkoping-2026/
2026-04-05T06:40:37+00:00,2989,https://ungvetenskapssport.se/event/robotiklager-norrkoping-2026/
2026-04-05T07:42:08+00:00,2990,https://ungvetenskapssport.se/event/robotiklager-norrkoping-2026/
2026-04-05T08:25:21+00:00,2991,https://ungvetenskapssport.se/event/robotiklager-norrkoping-2026/
2026-04-05T09:05:37+00:00,2992,https://ungvetenskapssport.se/event/robotiklager-norrkoping-2026/
2026-04-05T09:53:22+00:00,2993,https://ungvetenskapssport.se/event/robotiklager-norrkoping-2026/
2026-04-05T10:29:06+00:00,2994,https://ungvetenskapssport.se/event/robotiklager-norrkoping-2026/
2026-04-05T11:02:23+00:00,2995,https://ungvetenskapssport.se/event/robotiklager-norrkoping-2026/
2026-04-05T11:40:06+00:00,2996,https://ungvetenskapssport.se/event/robotiklager-norrkoping-2026/
2026-04-05T11:59:03+00:00,2997,https://ungvetenskapssport.se/event/robotiklager-norrkoping-2026/
2026-04-05T13:11:44+00:00,2998,https://ungvetenskapssport.se/event/robotiklager-norrkoping-2026/
2026-04-05T14:01:13+00:00,2999,https://ungvetenskapssport.se/event/robotiklager-norrkoping-2026/
2026-04-05T14:50:00+00:00,3000,https://ungvetenskapssport.se/event/robotiklager-norrkoping-2026/
2026-04-05T15:18:51+00:00,3001,https://ungvetenskapssport.se/event/robotiklager-norrkoping-2026/
2026-04-05T16:20:08+00:00,3002,https://ungvetenskapssport.se/event/robotiklager-norrkoping-2026/
2026-04-05T16:57:57+00:00,3003,https://ungvetenskapssport.se/event/robotiklager-norrkoping-2026/
2026-04-05T17:35:24+00:00,3004,https://ungvetenskapssport.se/event/robotiklager-norrkoping-2026/
2026-04-05T18:00:19+00:00,3005,https://ungvetenskapssport.se/event/robotiklager-norrkoping-2026/
2026-04-05T19:01:05+00:00,3006,https://ungvetenskapssport.se/event/robotiklager-norrkoping-2026/
2026-04-05T20:01:44+00:00,3007,https://ungvetenskapssport.se/event/robotiklager-norrkoping-2026/
2026-04-05T20:48:26+00:00,3008,https://ungvetenskapssport.se/event/robotiklager-norrkoping-2026/
2026-04-05T21:17:01+00:00,3009,https://ungvetenskapssport.se/event/robotiklager-norrkoping-2026/
2026-04-05T21:49:18+00:00,3010,https://ungvetenskapssport.se/event/robotiklager-norrkoping-2026/
2026-04-05T22:15:23+00:00,3011,https://ungvetenskapssport.se/event/robotiklager-norrkoping-2026/
2026-04-05T22:53:01+00:00,3012,https://ungvetenskapssport.se/event/robotiklager-norrkoping-2026/
2026-04-05T23:29:08+00:00,3013,https://ungvetenskapssport.se/event/robotiklager-norrkoping-2026/
2026-04-05T23:58:54+00:00,3014,https://ungvetenskapssport.se/event/robotiklager-norrkoping-2026/
2026-04-06T03:21:16+00:00,3015,https://ungvetenskapssport.se/event/robotiklager-norrkoping-2026/
2026-04-06T05:36:47+00:00,3016,https://ungvetenskapssport.se/event/robotiklager-norrkoping-2026/
2026-04-06T07:10:32+00:00,3017,https://ungvetenskapssport.se/event/robotiklager-norrkoping-2026/
2026-04-06T08:47:38+00:00,3018,https://ungvetenskapssport.se/event/robotiklager-norrkoping-2026/
2026-04-06T09:55:11+00:00,3019,https://ungvetenskapssport.se/event/robotiklager-norrkoping-2026/
2026-04-06T10:52:08+00:00,3020,https://ungvetenskapssport.se/event/robotiklager-norrkoping-2026/
2026-04-06T11:44:30+00:00,3021,https://ungvetenskapssport.se/event/robotiklager-norrkoping-2026/
2026-04-06T12:37:45+00:00,3022,https://ungvetenskapssport.se/event/robotiklager-norrkoping-2026/
2026-04-06T13:55:52+00:00,3023,https://ungvetenskapssport.se/event/robotiklager-norrkoping-2026/
2026-04-06T14:44:08+00:00,3024,https://ungvetenskapssport.se/event/robotiklager-norrkoping-2026/
2026-04-06T15:33:17+00:00,3025,https://ungvetenskapssport.se/event/robotiklager-norrkoping-2026/
2026-04-06T16:27:03+00:00,3026,https://ungvetenskapssport.se/event/robotiklager-norrkoping-2026/
2026-04-06T17:23:56+00:00,3027,https://ungvetenskapssport.se/event/robotiklager-norrkoping-2026/
2026-04-06T18:10:05+00:00,3028,https://ungvetenskapssport.se/event/robotiklager-norrkoping-2026/
2026-04-06T19:18:41+00:00,3029,https://ungvetenskapssport.se/event/robotiklager-norrkoping-2026/
2026-04-06T20:00:50+00:00,3030,https://ungvetenskapssport.se/event/robotiklager-norrkoping-2026/
2026-04-06T20:51:44+00:00,3031,https://ungvetenskapssport.se/event/robotiklager-norrkoping-2026/
2026-04-06T21:33:56+00:00,3032,https://ungvetenskapssport.se/event/robotiklager-norrkoping-2026/
2026-04-06T22:52:44+00:00,3033,https://ungvetenskapssport.se/event/robotiklager-norrkoping-2026/
2026-04-06T23:31:10+00:00,3034,https://ungvetenskapssport.se/event/robotiklager-norrkoping-2026/
2026-04-07T00:02:58+00:00,3035,https://ungvetenskapssport.se/event/robotiklager-norrkoping-2026/
2026-04-07T03:27:03+00:00,3036,https://ungvetenskapssport.se/event/robotiklager-norrkoping-2026/
2026-04-07T05:25:12+00:00,3037,https://ungvetenskapssport.se/event/robotiklager-norrkoping-2026/
2026-04-07T06:50:35+00:00,3038,https://ungvetenskapssport.se/event/robotiklager-norrkoping-2026/
2026-04-07T08:09:46+00:00,3039,https://ungvetenskapssport.se/event/robotiklager-norrkoping-2026/
2026-04-07T09:18:44+00:00,3041,https://ungvetenskapssport.se/event/robotiklager-norrkoping-2026/
2026-04-07T10:30:46+00:00,3042,https://ungvetenskapssport.se/event/robotiklager-norrkoping-2026/
2026-04-07T11:33:17+00:00,3043,https://ungvetenskapssport.se/event/robotiklager-norrkoping-2026/
2026-04-07T12:39:36+00:00,3044,https://ungvetenskapssport.se/event/robotiklager-norrkoping-2026/
2026-04-07T14:12:27+00:00,3045,https://ungvetenskapssport.se/event/robotiklager-norrkoping-2026/
2026-04-07T15:46:57+00:00,3046,https://ungvetenskapssport.se/event/robotiklager-norrkoping-2026/
2026-04-07T16:40:37+00:00,3047,https://ungvetenskapssport.se/event/robotiklager-norrkoping-2026/
2026-04-07T17:42:51+00:00,3048,https://ungvetenskapssport.se/event/robotiklager-norrkoping-2026/
2026-04-07T18:39:22+00:00,3050,https://ungvetenskapssport.se/event/robotiklager-norrkoping-2026/
2026-04-07T19:42:22+00:00,3051,https://ungvetenskapssport.se/event/robotiklager-norrkoping-2026/
2026-04-07T20:27:58+00:00,3054,https://ungvetenskapssport.se/event/robotiklager-norrkoping-2026/
2026-04-07T21:12:09+00:00,3055,https://ungvetenskapssport.se/event/robotiklager-norrkoping-2026/
2026-04-07T21:59:42+00:00,3056,https://ungvetenskapssport.se/event/robotiklager-norrkoping-2026/
2026-04-07T22:49:56+00:00,3057,https://ungvetenskapssport.se/event/robotiklager-norrkoping-2026/
2026-04-07T23:25:18+00:00,3058,https://ungvetenskapssport.se/event/robotiklager-norrkoping-2026/
2026-04-08T00:00:54+00:00,3059,https://ungvetenskapssport.se/event/robotiklager-norrkoping-2026/
2026-04-08T08:11:05+00:00,3060,https://ungvetenskapssport.se/event/robotiklager-norrkoping-2026/
2026-04-08T09:34:59+00:00,3061,https://ungvetenskapssport.se/event/robotiklager-norrkoping-2026/
2026-04-08T10:39:04+00:00,3062,https://ungvetenskapssport.se/event/robotiklager-norrkoping-2026/
2026-04-08T11:37:23+00:00,3063,https://ungvetenskapssport.se/event/robotiklager-norrkoping-2026/
2026-04-08T12:40:16+00:00,3064,https://ungvetenskapssport.se/event/robotiklager-norrkoping-2026/
2026-04-08T14:19:15+00:00,3065,https://ungvetenskapssport.se/event/robotiklager-norrkoping-2026/
2026-04-08T15:50:28+00:00,3066,https://ungvetenskapssport.se/event/robotiklager-norrkoping-2026/
2026-04-08T16:57:05+00:00,3067,https://ungvetenskapssport.se/event/robotiklager-norrkoping-2026/
2026-04-08T18:06:41+00:00,3068,https://ungvetenskapssport.se/event/robotiklager-norrkoping-2026/
2026-04-08T19:38:02+00:00,3069,https://ungvetenskapssport.se/event/robotiklager-norrkoping-2026/
2026-04-08T20:22:24+00:00,3070,https://ungvetenskapssport.se/event/robotiklager-norrkoping-2026/
2026-04-08T21:08:11+00:00,3071,https://ungvetenskapssport.se/event/robotiklager-norrkoping-2026/
2026-04-08T21:57:48+00:00,3072,https://ungvetenskapssport.se/event/robotiklager-norrkoping-2026/
2026-04-08T23:25:15+00:00,3073,https://ungvetenskapssport.se/event/robotiklager-norrkoping-2026/
2026-04-08T23:58:08+00:00,3074,https://ungvetenskapssport.se/event/robotiklager-norrkoping-2026/
2026-04-09T04:59:17+00:00,3075,https://ungvetenskapssport.se/event/robotiklager-norrkoping-2026/
2026-04-09T08:00:01+00:00,3076,https://ungvetenskapssport.se/event/robotiklager-norrkoping-2026/
2026-04-09T09:20:30+00:00,3077,https://ungvetenskapssport.se/event/robotiklager-norrkoping-2026/
2026-04-09T11:36:00+00:00,3078,https://ungvetenskapssport.se/event/robotiklager-norrkoping-2026/
2026-04-09T14:28:49+00:00,3079,https://ungvetenskapssport.se/event/robotiklager-norrkoping-2026/
2026-04-09T16:03:00+00:00,3080,https://ungvetenskapssport.se/event/robotiklager-norrkoping-2026/
2026-04-09T18:13:39+00:00,3082,https://ungvetenskapssport.se/event/robotiklager-norrkoping-2026/
2026-04-09T19:39:50+00:00,3083,https://ungvetenskapssport.se/event/robotiklager-norrkoping-2026/
2026-04-09T20:30:56+00:00,3084,https://ungvetenskapssport.se/event/robotiklager-norrkoping-2026/
2026-04-09T21:26:55+00:00,3085,https://ungvetenskapssport.se/event/robotiklager-norrkoping-2026/
2026-04-09T22:05:07+00:00,3086,https://ungvetenskapssport.se/event/robotiklager-norrkoping-2026/
2026-04-09T22:57:55+00:00,3087,https://ungvetenskapssport.se/event/robotiklager-norrkoping-2026/
2026-04-09T23:39:33+00:00,3088,https://ungvetenskapssport.se/event/robotiklager-norrkoping-2026/
2026-04-10T05:48:59+00:00,3090,https://ungvetenskapssport.se/event/robotiklager-norrkoping-2026/
2026-04-10T07:10:00+00:00,3091,https://ungvetenskapssport.se/event/robotiklager-norrkoping-2026/
2026-04-10T08:45:59+00:00,3092,https://ungvetenskapssport.se/event/robotiklager-norrkoping-2026/
2026-04-10T09:54:14+00:00,3093,https://ungvetenskapssport.se/event/robotiklager-norrkoping-2026/
2026-04-10T10:49:37+00:00,3094,https://ungvetenskapssport.se/event/robotiklager-norrkoping-2026/
2026-04-10T12:32:01+00:00,3095,https://ungvetenskapssport.se/event/robotiklager-norrkoping-2026/
2026-04-10T13:59:19+00:00,3096,https://ungvetenskapssport.se/event/robotiklager-norrkoping-2026/
2026-04-10T14:56:02+00:00,3097,https://ungvetenskapssport.se/event/robotiklager-norrkoping-2026/
2026-04-10T15:51:33+00:00,3098,https://ungvetenskapssport.se/event/robotiklager-norrkoping-2026/
2026-04-10T16:45:02+00:00,3099,https://ungvetenskapssport.se/event/robotiklager-norrkoping-2026/
2026-04-10T17:36:22+00:00,3101,https://ungvetenskapssport.se/event/robotiklager-norrkoping-2026/
2026-04-10T18:30:48+00:00,3102,https://ungvetenskapssport.se/event/robotiklager-norrkoping-2026/
2026-04-10T19:29:17+00:00,3103,https://ungvetenskapssport.se/event/robotiklager-norrkoping-2026/
2026-04-10T20:02:36+00:00,3104,https://ungvetenskapssport.se/event/robotiklager-norrkoping-2026/
2026-04-10T20:52:12+00:00,3105,https://ungvetenskapssport.se/event/robotiklager-norrkoping-2026/
2026-04-10T21:33:02+00:00,3106,https://ungvetenskapssport.se/event/robotiklager-norrkoping-2026/
2026-04-10T22:53:29+00:00,3107,https://ungvetenskapssport.se/event/robotiklager-norrkoping-2026/
2026-04-10T23:30:48+00:00,3108,https://ungvetenskapssport.se/event/robotiklager-norrkoping-2026/
2026-04-11T00:02:37+00:00,3109,https://ungvetenskapssport.se/event/robotiklager-norrkoping-2026/
2026-04-11T03:16:05+00:00,3110,https://ungvetenskapssport.se/event/robotiklager-norrkoping-2026/
2026-04-11T05:06:29+00:00,3112,https://ungvetenskapssport.se/event/robotiklager-norrkoping-2026/
2026-04-11T06:11:31+00:00,3113,https://ungvetenskapssport.se/event/robotiklager-norrkoping-2026/
2026-04-11T07:18:45+00:00,3114,https://ungvetenskapssport.se/event/robotiklager-norrkoping-2026/
2026-04-11T08:00:27+00:00,3115,https://ungvetenskapssport.se/event/robotiklager-norrkoping-2026/
2026-04-11T08:58:38+00:00,3116,https://ungvetenskapssport.se/event/robotiklager-norrkoping-2026/
2026-04-11T09:48:57+00:00,3117,https://ungvetenskapssport.se/event/robotiklager-norrkoping-2026/
2026-04-11T10:19:37+00:00,3118,https://ungvetenskapssport.se/event/robotiklager-norrkoping-2026/
2026-04-11T10:57:20+00:00,3119,https://ungvetenskapssport.se/event/robotiklager-norrkoping-2026/
2026-04-11T11:31:56+00:00,3120,https://ungvetenskapssport.se/event/robotiklager-norrkoping-2026/
2026-04-11T11:57:25+00:00,3121,https://ungvetenskapssport.se/event/robotiklager-norrkoping-2026/
2026-04-11T13:02:53+00:00,3122,https://ungvetenskapssport.se/event/robotiklager-norrkoping-2026/
2026-04-11T13:59:52+00:00,3123,https://ungvetenskapssport.se/event/robotiklager-norrkoping-2026/
2026-04-11T14:44:41+00:00,3124,https://ungvetenskapssport.se/event/robotiklager-norrkoping-2026/
2026-04-11T15:18:29+00:00,3125,https://ungvetenskapssport.se/event/robotiklager-norrkoping-2026/
2026-04-11T15:49:57+00:00,3126,https://ungvetenskapssport.se/event/robotiklager-norrkoping-2026/
2026-04-11T16:19:24+00:00,3127,https://ungvetenskapssport.se/event/robotiklager-norrkoping-2026/
2026-04-11T17:36:00+00:00,3128,https://ungvetenskapssport.se/event/robotiklager-norrkoping-2026/
2026-04-11T19:02:32+00:00,3130,https://ungvetenskapssport.se/event/robotiklager-norrkoping-2026/
2026-04-11T20:02:14+00:00,3131,https://ungvetenskapssport.se/event/robotiklager-norrkoping-2026/
2026-04-11T21:19:01+00:00,3132,https://ungvetenskapssport.se/event/robotiklager-norrkoping-2026/
2026-04-11T22:27:00+00:00,3133,https://ungvetenskapssport.se/event/robotiklager-norrkoping-2026/
2026-04-11T23:00:49+00:00,3134,https://ungvetenskapssport.se/event/robotiklager-norrkoping-2026/
2026-04-11T23:48:16+00:00,3135,https://ungvetenskapssport.se/event/robotiklager-norrkoping-2026/
2026-04-12T01:08:55+00:00,3138,https://ungvetenskapssport.se/event/robotiklager-norrkoping-2026/
2026-04-12T06:05:08+00:00,3140,https://ungvetenskapssport.se/event/robotiklager-norrkoping-2026/
2026-04-12T07:41:39+00:00,3141,https://ungvetenskapssport.se/event/robotiklager-norrkoping-2026/
2026-04-12T08:31:37+00:00,3142,https://ungvetenskapssport.se/event/robotiklager-norrkoping-2026/
2026-04-12T10:08:27+00:00,3143,https://ungvetenskapssport.se/event/robotiklager-norrkoping-2026/
2026-04-12T10:57:34+00:00,3144,https://ungvetenskapssport.se/event/robotiklager-norrkoping-2026/
2026-04-12T11:35:26+00:00,3145,https://ungvetenskapssport.se/event/robotiklager-norrkoping-2026/
2026-04-12T12:01:04+00:00,3146,https://ungvetenskapssport.se/event/robotiklager-norrkoping-2026/
2026-04-12T13:22:31+00:00,3148,https://ungvetenskapssport.se/event/robotiklager-norrkoping-2026/
2026-04-12T14:07:34+00:00,3149,https://ungvetenskapssport.se/event/robotiklager-norrkoping-2026/
2026-04-12T15:33:28+00:00,3151,https://ungvetenskapssport.se/event/robotiklager-norrkoping-2026/
2026-04-12T17:30:27+00:00,3152,https://ungvetenskapssport.se/event/robotiklager-norrkoping-2026/
2026-04-12T18:04:56+00:00,3153,https://ungvetenskapssport.se/event/robotiklager-norrkoping-2026/
2026-04-12T19:04:52+00:00,3154,https://ungvetenskapssport.se/event/robotiklager-norrkoping-2026/
2026-04-12T19:48:51+00:00,3155,https://ungvetenskapssport.se/event/robotiklager-norrkoping-2026/
2026-04-12T20:18:37+00:00,3157,https://ungvetenskapssport.se/event/robotiklager-norrkoping-2026/
2026-04-12T20:56:36+00:00,3158,https://ungvetenskapssport.se/event/robotiklager-norrkoping-2026/
2026-04-12T21:34:51+00:00,3159,https://ungvetenskapssport.se/event/robotiklager-norrkoping-2026/
2026-04-12T22:01:30+00:00,3160,https://ungvetenskapssport.se/event/robotiklager-norrkoping-2026/
2026-04-12T22:51:32+00:00,3161,https://ungvetenskapssport.se/event/robotiklager-norrkoping-2026/
2026-04-13T03:49:06+00:00,3162,https://ungvetenskapssport.se/event/robotiklager-norrkoping-2026/
2026-04-13T06:05:40+00:00,3163,https://ungvetenskapssport.se/event/robotiklager-norrkoping-2026/
2026-04-13T08:19:23+00:00,3164,https://ungvetenskapssport.se/event/robotiklager-norrkoping-2026/
2026-04-13T10:08:49+00:00,3166,https://ungvetenskapssport.se/event/robotiklager-norrkoping-2026/
2026-04-13T11:39:10+00:00,3167,https://ungvetenskapssport.se/event/robotiklager-norrkoping-2026/
2026-04-13T14:21:34+00:00,3169,https://ungvetenskapssport.se/event/robotiklager-norrkoping-2026/
2026-04-13T16:58:52+00:00,3170,https://ungvetenskapssport.se/event/robotiklager-norrkoping-2026/
2026-04-13T21:27:31+00:00,3171,https://ungvetenskapssport.se/event/robotiklager-norrkoping-2026/
2026-04-13T22:09:21+00:00,3172,https://ungvetenskapssport.se/event/robotiklager-norrkoping-2026/
2026-04-13T23:01:28+00:00,3173,https://ungvetenskapssport.se/event/robotiklager-norrkoping-2026/
2026-04-13T23:55:15+00:00,3174,https://ungvetenskapssport.se/event/robotiklager-norrkoping-2026/
2026-04-14T02:07:37+00:00,3175,https://ungvetenskapssport.se/event/robotiklager-norrkoping-2026/
2026-04-14T06:28:49+00:00,3176,https://ungvetenskapssport.se/event/robotiklager-norrkoping-2026/
2026-04-14T09:51:19+00:00,3177,https://ungvetenskapssport.se/event/robotiklager-norrkoping-2026/
2026-04-14T12:00:23+00:00,3178,https://ungvetenskapssport.se/event/robotiklager-norrkoping-2026/
2026-04-14T14:07:28+00:00,3179,https://ungvetenskapssport.se/event/robotiklager-norrkoping-2026/
2026-04-14T15:22:58+00:00,3181,https://ungvetenskapssport.se/event/robotiklager-norrkoping-2026/
2026-04-14T16:39:10+00:00,3182,https://ungvetenskapssport.se/event/robotiklager-norrkoping-2026/
2026-04-14T17:47:28+00:00,3183,https://ungvetenskapssport.se/event/robotiklager-norrkoping-2026/
2026-04-14T18:50:49+00:00,3184,https://ungvetenskapssport.se/event/robotiklager-norrkoping-2026/
2026-04-14T20:02:22+00:00,3185,https://ungvetenskapssport.se/event/robotiklager-norrkoping-2026/
2026-04-14T21:05:06+00:00,3186,https://ungvetenskapssport.se/event/robotiklager-norrkoping-2026/
2026-04-14T22:01:15+00:00,3187,https://ungvetenskapssport.se/event/robotiklager-norrkoping-2026/
2026-04-14T22:59:47+00:00,3188,https://ungvetenskapssport.se/event/robotiklager-norrkoping-2026/
2026-04-14T23:52:13+00:00,3189,https://ungvetenskapssport.se/event/robotiklager-norrkoping-2026/
2026-04-15T02:04:35+00:00,3190,https://ungvetenskapssport.se/event/robotiklager-norrkoping-2026/
2026-04-15T04:51:48+00:00,3191,https://ungvetenskapssport.se/event/robotiklager-norrkoping-2026/
2026-04-15T08:25:40+00:00,3192,https://ungvetenskapssport.se/event/robotiklager-norrkoping-2026/
2026-04-15T10:55:45+00:00,3193,https://ungvetenskapssport.se/event/robotiklager-norrkoping-2026/
2026-04-15T11:54:18+00:00,3194,https://ungvetenskapssport.se/event/robotiklager-norrkoping-2026/
2026-04-15T13:15:57+00:00,3195,https://ungvetenskapssport.se/event/robotiklager-norrkoping-2026/
2026-04-15T14:50:45+00:00,3196,https://ungvetenskapssport.se/event/robotiklager-norrkoping-2026/
2026-04-15T16:01:52+00:00,3197,https://ungvetenskapssport.se/event/robotiklager-norrkoping-2026/
2026-04-15T17:17:02+00:00,3198,https://ungvetenskapssport.se/event/robotiklager-norrkoping-2026/
2026-04-15T18:16:48+00:00,3199,https://ungvetenskapssport.se/event/robotiklager-norrkoping-2026/
2026-04-15T19:45:32+00:00,3201,https://ungvetenskapssport.se/event/robotiklager-norrkoping-2026/
2026-04-15T20:31:06+00:00,3203,https://ungvetenskapssport.se/event/robotiklager-norrkoping-2026/
2026-04-15T21:32:40+00:00,3204,https://ungvetenskapssport.se/event/robotiklager-norrkoping-2026/
2026-04-15T22:24:30+00:00,3205,https://ungvetenskapssport.se/event/robotiklager-norrkoping-2026/
2026-04-15T23:08:26+00:00,3206,https://ungvetenskapssport.se/event/robotiklager-norrkoping-2026/
2026-04-15T23:57:04+00:00,3207,https://ungvetenskapssport.se/event/robotiklager-norrkoping-2026/
2026-04-16T02:45:09+00:00,3208,https://ungvetenskapssport.se/event/robotiklager-norrkoping-2026/
2026-04-16T08:52:44+00:00,3209,https://ungvetenskapssport.se/event/robotiklager-norrkoping-2026/
2026-04-16T10:12:23+00:00,3210,https://ungvetenskapssport.se/event/robotiklager-norrkoping-2026/
2026-04-16T11:31:56+00:00,3211,https://ungvetenskapssport.se/event/robotiklager-norrkoping-2026/
2026-04-16T12:45:41+00:00,3212,https://ungvetenskapssport.se/event/robotiklager-norrkoping-2026/
2026-04-16T14:25:56+00:00,3213,https://ungvetenskapssport.se/event/robotiklager-norrkoping-2026/
2026-04-16T16:04:05+00:00,3214,https://ungvetenskapssport.se/event/robotiklager-norrkoping-2026/
2026-04-16T17:39:30+00:00,3215,https://ungvetenskapssport.se/event/robotiklager-norrkoping-2026/
2026-04-16T18:47:12+00:00,3216,https://ungvetenskapssport.se/event/robotiklager-norrkoping-2026/
2026-04-16T19:50:23+00:00,3217,https://ungvetenskapssport.se/event/robotiklager-norrkoping-2026/
2026-04-16T20:43:24+00:00,3218,https://ungvetenskapssport.se/event/robotiklager-norrkoping-2026/
2026-04-16T21:29:46+00:00,3219,https://ungvetenskapssport.se/event/robotiklager-norrkoping-2026/
2026-04-16T22:09:05+00:00,3220,https://ungvetenskapssport.se/event/robotiklager-norrkoping-2026/
2026-04-16T23:00:49+00:00,3221,https://ungvetenskapssport.se/event/robotiklager-norrkoping-2026/
2026-04-16T23:54:20+00:00,3222,https://ungvetenskapssport.se/event/robotiklager-norrkoping-2026/
2026-04-17T02:08:19+00:00,3224,https://ungvetenskapssport.se/event/robotiklager-norrkoping-2026/
2026-04-17T05:09:47+00:00,3225,https://ungvetenskapssport.se/event/robotiklager-norrkoping-2026/
2026-04-17T07:03:22+00:00,3227,https://ungvetenskapssport.se/event/robotiklager-norrkoping-2026/
2026-04-17T08:51:18+00:00,3228,https://ungvetenskapssport.se/event/robotiklager-norrkoping-2026/
2026-04-17T10:10:39+00:00,3229,https://ungvetenskapssport.se/event/robotiklager-norrkoping-2026/
2026-04-17T11:14:18+00:00,3230,https://ungvetenskapssport.se/event/robotiklager-norrkoping-2026/
2026-04-17T12:05:45+00:00,3231,https://ungvetenskapssport.se/event/robotiklager-norrkoping-2026/
2026-04-17T13:55:20+00:00,3232,https://ungvetenskapssport.se/event/robotiklager-norrkoping-2026/
2026-04-17T14:51:51+00:00,3233,https://ungvetenskapssport.se/event/robotiklager-norrkoping-2026/
2026-04-17T15:56:19+00:00,3234,https://ungvetenskapssport.se/event/robotiklager-norrkoping-2026/
2026-04-17T16:53:43+00:00,3235,https://ungvetenskapssport.se/event/robotiklager-norrkoping-2026/
2026-04-17T17:45:14+00:00,3236,https://ungvetenskapssport.se/event/robotiklager-norrkoping-2026/
2026-04-17T18:37:04+00:00,3237,https://ungvetenskapssport.se/event/robotiklager-norrkoping-2026/
2026-04-17T19:42:29+00:00,3238,https://ungvetenskapssport.se/event/robotiklager-norrkoping-2026/
2026-04-17T20:28:36+00:00,3239,https://ungvetenskapssport.se/event/robotiklager-norrkoping-2026/
2026-04-17T21:10:47+00:00,3240,https://ungvetenskapssport.se/event/robotiklager-norrkoping-2026/
2026-04-17T22:02:15+00:00,3241,https://ungvetenskapssport.se/event/robotiklager-norrkoping-2026/
2026-04-17T23:40:54+00:00,3242,https://ungvetenskapssport.se/event/robotiklager-norrkoping-2026/
2026-04-18T01:03:03+00:00,3243,https://ungvetenskapssport.se/event/robotiklager-norrkoping-2026/
2026-04-18T04:02:19+00:00,3244,https://ungvetenskapssport.se/event/robotiklager-norrkoping-2026/
2026-04-18T05:47:13+00:00,3245,https://ungvetenskapssport.se/event/robotiklager-norrkoping-2026/
2026-04-18T06:51:07+00:00,3246,https://ungvetenskapssport.se/event/robotiklager-norrkoping-2026/
2026-04-18T07:57:47+00:00,3247,https://ungvetenskapssport.se/event/robotiklager-norrkoping-2026/
2026-04-18T08:54:58+00:00,3248,https://ungvetenskapssport.se/event/robotiklager-norrkoping-2026/
2026-04-18T09:42:55+00:00,3250,https://ungvetenskapssport.se/event/robotiklager-norrkoping-2026/
2026-04-18T10:25:39+00:00,3251,https://ungvetenskapssport.se/event/robotiklager-norrkoping-2026/
2026-04-18T11:06:35+00:00,3252,https://ungvetenskapssport.se/event/robotiklager-norrkoping-2026/
2026-04-18T11:47:02+00:00,3253,https://ungvetenskapssport.se/event/robotiklager-norrkoping-2026/
2026-04-18T12:26:49+00:00,3254,https://ungvetenskapssport.se/event/robotiklager-norrkoping-2026/
2026-04-18T13:40:22+00:00,3255,https://ungvetenskapssport.se/event/robotiklager-norrkoping-2026/
2026-04-18T14:26:55+00:00,3256,https://ungvetenskapssport.se/event/robotiklager-norrkoping-2026/
2026-04-18T15:06:30+00:00,3257,https://ungvetenskapssport.se/event/robotiklager-norrkoping-2026/
2026-04-18T16:34:44+00:00,3258,https://ungvetenskapssport.se/event/robotiklager-norrkoping-2026/
2026-04-18T17:09:08+00:00,3259,https://ungvetenskapssport.se/event/robotiklager-norrkoping-2026/
2026-04-18T17:52:10+00:00,3260,https://ungvetenskapssport.se/event/robotiklager-norrkoping-2026/
2026-04-18T18:41:16+00:00,3261,https://ungvetenskapssport.se/event/robotiklager-norrkoping-2026/
2026-04-18T20:03:44+00:00,3262,https://ungvetenskapssport.se/event/robotiklager-norrkoping-2026/
2026-04-18T20:50:18+00:00,3263,https://ungvetenskapssport.se/event/robotiklager-norrkoping-2026/
2026-04-18T21:30:22+00:00,3264,https://ungvetenskapssport.se/event/robotiklager-norrkoping-2026/
2026-04-18T22:52:23+00:00,3265,https://ungvetenskapssport.se/event/robotiklager-norrkoping-2026/
2026-04-18T23:30:29+00:00,3266,https://ungvetenskapssport.se/event/robotiklager-norrkoping-2026/
2026-04-19T00:03:39+00:00,3267,https://ungvetenskapssport.se/event/robotiklager-norrkoping-2026/
2026-04-19T03:46:52+00:00,3268,https://ungvetenskapssport.se/event/robotiklager-norrkoping-2026/
2026-04-19T07:02:33+00:00,3269,https://ungvetenskapssport.se/event/robotiklager-norrkoping-2026/
2026-04-19T08:12:35+00:00,3270,https://ungvetenskapssport.se/event/robotiklager-norrkoping-2026/
2026-04-19T09:08:05+00:00,3271,https://ungvetenskapssport.se/event/robotiklager-norrkoping-2026/
2026-04-19T09:59:15+00:00,3272,https://ungvetenskapssport.se/event/robotiklager-norrkoping-2026/
2026-04-19T11:23:51+00:00,3273,https://ungvetenskapssport.se/event/robotiklager-norrkoping-2026/
2026-04-19T11:56:52+00:00,3274,https://ungvetenskapssport.se/event/robotiklager-norrkoping-2026/
2026-04-19T13:02:34+00:00,3275,https://ungvetenskapssport.se/event/robotiklager-norrkoping-2026/
2026-04-19T14:03:13+00:00,3276,https://ungvetenskapssport.se/event/robotiklager-norrkoping-2026/
2026-04-19T14:55:22+00:00,3277,https://ungvetenskapssport.se/event/robotiklager-norrkoping-2026/
2026-04-19T15:34:28+00:00,3278,https://ungvetenskapssport.se/event/robotiklager-norrkoping-2026/
2026-04-19T16:05:32+00:00,3279,https://ungvetenskapssport.se/event/robotiklager-norrkoping-2026/
2026-04-19T16:55:48+00:00,3280,https://ungvetenskapssport.se/event/robotiklager-norrkoping-2026/
2026-04-19T18:06:24+00:00,3281,https://ungvetenskapssport.se/event/robotiklager-norrkoping-2026/
2026-04-19T19:06:11+00:00,3282,https://ungvetenskapssport.se/event/robotiklager-norrkoping-2026/
2026-04-19T19:49:55+00:00,3283,https://ungvetenskapssport.se/event/robotiklager-norrkoping-2026/
2026-04-19T21:01:53+00:00,3284,https://ungvetenskapssport.se/event/robotiklager-norrkoping-2026/
2026-04-19T22:19:02+00:00,3285,https://ungvetenskapssport.se/event/robotiklager-norrkoping-2026/
2026-04-19T22:58:20+00:00,3286,https://ungvetenskapssport.se/event/robotiklager-norrkoping-2026/
2026-04-19T23:41:41+00:00,3287,https://ungvetenskapssport.se/event/robotiklager-norrkoping-2026/
2026-04-20T04:31:05+00:00,3288,https://ungvetenskapssport.se/event/robotiklager-norrkoping-2026/
2026-04-20T06:34:38+00:00,3289,https://ungvetenskapssport.se/event/robotiklager-norrkoping-2026/
2026-04-20T10:21:17+00:00,3290,https://ungvetenskapssport.se/event/robotiklager-norrkoping-2026/
2026-04-20T11:49:50+00:00,3291,https://ungvetenskapssport.se/event/robotiklager-norrkoping-2026/
2026-04-20T12:55:56+00:00,3292,https://ungvetenskapssport.se/event/robotiklager-norrkoping-2026/
2026-04-20T14:48:06+00:00,3293,https://ungvetenskapssport.se/event/robotiklager-norrkoping-2026/
2026-04-20T15:58:44+00:00,3294,https://ungvetenskapssport.se/event/robotiklager-norrkoping-2026/
2026-04-20T18:10:22+00:00,3295,https://ungvetenskapssport.se/event/robotiklager-norrkoping-2026/
2026-04-20T19:35:05+00:00,3296,https://ungvetenskapssport.se/event/robotiklager-norrkoping-2026/
2026-04-20T20:23:03+00:00,3297,https://ungvetenskapssport.se/event/robotiklager-norrkoping-2026/
2026-04-20T21:07:55+00:00,3299,https://ungvetenskapssport.se/event/robotiklager-norrkoping-2026/
2026-04-20T21:59:37+00:00,3300,https://ungvetenskapssport.se/event/robotiklager-norrkoping-2026/
2026-04-20T22:54:27+00:00,3302,https://ungvetenskapssport.se/event/robotiklager-norrkoping-2026/
2026-04-20T23:38:46+00:00,3303,https://ungvetenskapssport.se/event/robotiklager-norrkoping-2026/
2026-04-21T01:08:41+00:00,3304,https://ungvetenskapssport.se/event/robotiklager-norrkoping-2026/
2026-04-21T04:19:38+00:00,3305,https://ungvetenskapssport.se/event/robotiklager-norrkoping-2026/
2026-04-21T06:15:43+00:00,3306,https://ungvetenskapssport.se/event/robotiklager-norrkoping-2026/
2026-04-21T08:10:28+00:00,3307,https://ungvetenskapssport.se/event/robotiklager-norrkoping-2026/
2026-04-21T09:54:00+00:00,3308,https://ungvetenskapssport.se/event/robotiklager-norrkoping-2026/
2026-04-21T11:02:18+00:00,3309,https://ungvetenskapssport.se/event/robotiklager-norrkoping-2026/
2026-04-21T12:07:12+00:00,3310,https://ungvetenskapssport.se/event/robotiklager-norrkoping-2026/
2026-04-21T14:05:50+00:00,3311,https://ungvetenskapssport.se/event/robotiklager-norrkoping-2026/
2026-04-21T15:39:36+00:00,3312,https://ungvetenskapssport.se/event/robotiklager-norrkoping-2026/
2026-04-21T16:39:16+00:00,3313,https://ungvetenskapssport.se/event/robotiklager-norrkoping-2026/
2026-04-21T17:39:44+00:00,3314,https://ungvetenskapssport.se/event/robotiklager-norrkoping-2026/
2026-04-21T18:43:44+00:00,3315,https://ungvetenskapssport.se/event/robotiklager-norrkoping-2026/
2026-04-21T19:52:13+00:00,3316,https://ungvetenskapssport.se/event/robotiklager-norrkoping-2026/
2026-04-21T20:45:57+00:00,3317,https://ungvetenskapssport.se/event/robotiklager-norrkoping-2026/
2026-04-21T21:33:02+00:00,3318,https://ungvetenskapssport.se/event/robotiklager-norrkoping-2026/
2026-04-21T22:24:00+00:00,3319,https://ungvetenskapssport.se/event/robotiklager-norrkoping-2026/
2026-04-21T23:49:20+00:00,3320,https://ungvetenskapssport.se/event/robotiklager-norrkoping-2026/
2026-04-22T01:07:53+00:00,3321,https://ungvetenskapssport.se/event/robotiklager-norrkoping-2026/
2026-04-22T04:15:16+00:00,3325,https://ungvetenskapssport.se/event/robotiklager-norrkoping-2026/
2026-04-22T06:12:22+00:00,3326,https://ungvetenskapssport.se/event/robotiklager-norrkoping-2026/
2026-04-22T08:08:19+00:00,3327,https://ungvetenskapssport.se/event/robotiklager-norrkoping-2026/
2026-04-22T09:49:15+00:00,3328,https://ungvetenskapssport.se/event/robotiklager-norrkoping-2026/
2026-04-22T10:53:54+00:00,3329,https://ungvetenskapssport.se/event/robotiklager-norrkoping-2026/
2026-04-22T11:57:18+00:00,3330,https://ungvetenskapssport.se/event/robotiklager-norrkoping-2026/
2026-04-22T13:44:13+00:00,3331,https://ungvetenskapssport.se/event/robotiklager-norrkoping-2026/
2026-04-22T15:01:51+00:00,3332,https://ungvetenskapssport.se/event/robotiklager-norrkoping-2026/
2026-04-22T16:17:35+00:00,3333,https://ungvetenskapssport.se/event/robotiklager-norrkoping-2026/
2026-04-22T17:17:17+00:00,3334,https://ungvetenskapssport.se/event/robotiklager-norrkoping-2026/
2026-04-22T18:14:37+00:00,3335,https://ungvetenskapssport.se/event/robotiklager-norrkoping-2026/
2026-04-22T19:40:50+00:00,3336,https://ungvetenskapssport.se/event/robotiklager-norrkoping-2026/
2026-04-22T21:32:53+00:00,3337,https://ungvetenskapssport.se/event/robotiklager-norrkoping-2026/
2026-04-22T22:27:04+00:00,3338,https://ungvetenskapssport.se/event/robotiklager-norrkoping-2026/
2026-04-22T23:25:36+00:00,3339,https://ungvetenskapssport.se/event/robotiklager-norrkoping-2026/
2026-04-23T00:08:27+00:00,3340,https://ungvetenskapssport.se/event/robotiklager-norrkoping-2026/
2026-04-23T05:54:53+00:00,3341,https://ungvetenskapssport.se/event/robotiklager-norrkoping-2026/
2026-04-23T07:44:24+00:00,3343,https://ungvetenskapssport.se/event/robotiklager-norrkoping-2026/
2026-04-23T09:14:16+00:00,3344,https://ungvetenskapssport.se/event/robotiklager-norrkoping-2026/
2026-04-23T10:48:59+00:00,3345,https://ungvetenskapssport.se/event/robotiklager-norrkoping-2026/
2026-04-23T11:48:17+00:00,3346,https://ungvetenskapssport.se/event/robotiklager-norrkoping-2026/
2026-04-23T12:47:53+00:00,3347,https://ungvetenskapssport.se/event/robotiklager-norrkoping-2026/
2026-04-23T15:01:19+00:00,3348,https://ungvetenskapssport.se/event/robotiklager-norrkoping-2026/
2026-04-23T18:03:31+00:00,3351,https://ungvetenskapssport.se/event/robotiklager-norrkoping-2026/
2026-04-23T19:37:29+00:00,3352,https://ungvetenskapssport.se/event/robotiklager-norrkoping-2026/
2026-04-23T20:35:17+00:00,3353,https://ungvetenskapssport.se/event/robotiklager-norrkoping-2026/
2026-04-23T21:26:08+00:00,3354,https://ungvetenskapssport.se/event/robotiklager-norrkoping-2026/
2026-04-23T22:07:18+00:00,3355,https://ungvetenskapssport.se/event/robotiklager-norrkoping-2026/
2026-04-23T23:03:14+00:00,3356,https://ungvetenskapssport.se/event/robotiklager-norrkoping-2026/
2026-04-23T23:58:25+00:00,3357,https://ungvetenskapssport.se/event/robotiklager-norrkoping-2026/
2026-04-24T03:20:52+00:00,3358,https://ungvetenskapssport.se/event/robotiklager-norrkoping-2026/
2026-04-24T05:53:25+00:00,3359,https://ungvetenskapssport.se/event/robotiklager-norrkoping-2026/
2026-04-24T07:56:11+00:00,3360,https://ungvetenskapssport.se/event/robotiklager-norrkoping-2026/
2026-04-24T09:43:39+00:00,3361,https://ungvetenskapssport.se/event/robotiklager-norrkoping-2026/
2026-04-24T11:54:08+00:00,3362,https://ungvetenskapssport.se/event/robotiklager-norrkoping-2026/
2026-04-24T13:14:08+00:00,3363,https://ungvetenskapssport.se/event/robotiklager-norrkoping-2026/
2026-04-24T14:49:51+00:00,3364,https://ungvetenskapssport.se/event/robotiklager-norrkoping-2026/
2026-04-24T15:54:33+00:00,3366,https://ungvetenskapssport.se/event/robotiklager-norrkoping-2026/
2026-04-24T16:50:47+00:00,3367,https://ungvetenskapssport.se/event/robotiklager-norrkoping-2026/
2026-04-24T17:46:32+00:00,3370,https://ungvetenskapssport.se/event/robotiklager-norrkoping-2026/
2026-04-24T18:32:11+00:00,3371,https://ungvetenskapssport.se/event/robotiklager-norrkoping-2026/
2026-04-24T19:34:55+00:00,3372,https://ungvetenskapssport.se/event/robotiklager-norrkoping-2026/
2026-04-24T21:11:32+00:00,3373,https://ungvetenskapssport.se/event/robotiklager-norrkoping-2026/
2026-04-24T22:04:19+00:00,3374,https://ungvetenskapssport.se/event/robotiklager-norrkoping-2026/
2026-04-24T22:54:54+00:00,3375,https://ungvetenskapssport.se/event/robotiklager-norrkoping-2026/
2026-04-24T23:35:54+00:00,3376,https://ungvetenskapssport.se/event/robotiklager-norrkoping-2026/
2026-04-25T00:08:20+00:00,3377,https://ungvetenskapssport.se/event/robotiklager-norrkoping-2026/
2026-04-25T03:29:53+00:00,3378,https://ungvetenskapssport.se/event/robotiklager-norrkoping-2026/
2026-04-25T05:28:50+00:00,3379,https://ungvetenskapssport.se/event/robotiklager-norrkoping-2026/
2026-04-25T06:51:26+00:00,3380,https://ungvetenskapssport.se/event/robotiklager-norrkoping-2026/
2026-04-25T08:03:24+00:00,3381,https://ungvetenskapssport.se/event/robotiklager-norrkoping-2026/
2026-04-25T09:06:37+00:00,3382,https://ungvetenskapssport.se/event/robotiklager-norrkoping-2026/
2026-04-25T10:01:13+00:00,3383,https://ungvetenskapssport.se/event/robotiklager-norrkoping-2026/
2026-04-25T10:59:47+00:00,3384,https://ungvetenskapssport.se/event/robotiklager-norrkoping-2026/
2026-04-25T11:45:39+00:00,3385,https://ungvetenskapssport.se/event/robotiklager-norrkoping-2026/
2026-04-25T12:29:30+00:00,3386,https://ungvetenskapssport.se/event/robotiklager-norrkoping-2026/
2026-04-25T13:45:21+00:00,3387,https://ungvetenskapssport.se/event/robotiklager-norrkoping-2026/
2026-04-25T14:30:04+00:00,3388,https://ungvetenskapssport.se/event/robotiklager-norrkoping-2026/
2026-04-25T15:10:58+00:00,3389,https://ungvetenskapssport.se/event/robotiklager-norrkoping-2026/
2026-04-25T15:57:43+00:00,3390,https://ungvetenskapssport.se/event/robotiklager-norrkoping-2026/
2026-04-25T16:48:14+00:00,3391,https://ungvetenskapssport.se/event/robotiklager-norrkoping-2026/
2026-04-25T17:26:47+00:00,3392,https://ungvetenskapssport.se/event/robotiklager-norrkoping-2026/
2026-04-25T19:08:08+00:00,3393,https://ungvetenskapssport.se/event/robotiklager-norrkoping-2026/
2026-04-25T19:51:56+00:00,3394,https://ungvetenskapssport.se/event/robotiklager-norrkoping-2026/
2026-04-25T20:33:50+00:00,3395,https://ungvetenskapssport.se/event/robotiklager-norrkoping-2026/
2026-04-25T21:08:29+00:00,3396,https://ungvetenskapssport.se/event/robotiklager-norrkoping-2026/
2026-04-25T21:51:37+00:00,3397,https://ungvetenskapssport.se/event/robotiklager-norrkoping-2026/
2026-04-25T22:31:54+00:00,3398,https://ungvetenskapssport.se/event/robotiklager-norrkoping-2026/
2026-04-25T23:09:05+00:00,3399,https://ungvetenskapssport.se/event/robotiklager-norrkoping-2026/
2026-04-26T02:23:45+00:00,3400,https://ungvetenskapssport.se/event/robotiklager-norrkoping-2026/
2026-04-26T05:23:56+00:00,3401,https://ungvetenskapssport.se/event/robotiklager-norrkoping-2026/
2026-04-26T07:09:05+00:00,3402,https://ungvetenskapssport.se/event/robotiklager-norrkoping-2026/
2026-04-26T08:36:13+00:00,3403,https://ungvetenskapssport.se/event/robotiklager-norrkoping-2026/
2026-04-26T09:34:03+00:00,3404,https://ungvetenskapssport.se/event/robotiklager-norrkoping-2026/
2026-04-26T10:26:29+00:00,3405,https://ungvetenskapssport.se/event/robotiklager-norrkoping-2026/
2026-04-26T11:10:30+00:00,3406,https://ungvetenskapssport.se/event/robotiklager-norrkoping-2026/
2026-04-26T11:57:44+00:00,3407,https://ungvetenskapssport.se/event/robotiklager-norrkoping-2026/
2026-04-26T13:12:50+00:00,3409,https://ungvetenskapssport.se/event/robotiklager-norrkoping-2026/
2026-04-26T14:10:11+00:00,3411,https://ungvetenskapssport.se/event/robotiklager-norrkoping-2026/
2026-04-26T15:00:38+00:00,3412,https://ungvetenskapssport.se/event/robotiklager-norrkoping-2026/
2026-04-26T15:53:57+00:00,3413,https://ungvetenskapssport.se/event/robotiklager-norrkoping-2026/
2026-04-26T16:37:23+00:00,3414,https://ungvetenskapssport.se/event/robotiklager-norrkoping-2026/
2026-04-26T17:27:40+00:00,3415,https://ungvetenskapssport.se/event/robotiklager-norrkoping-2026/
2026-04-26T18:03:57+00:00,3416,https://ungvetenskapssport.se/event/robotiklager-norrkoping-2026/
2026-04-26T20:40:22+00:00,3417,https://ungvetenskapssport.se/event/robotiklager-norrkoping-2026/
2026-04-26T21:22:28+00:00,3418,https://ungvetenskapssport.se/event/robotiklager-norrkoping-2026/
2026-04-26T22:01:08+00:00,3419,https://ungvetenskapssport.se/event/robotiklager-norrkoping-2026/
2026-04-26T22:55:03+00:00,3420,https://ungvetenskapssport.se/event/robotiklager-norrkoping-2026/
2026-04-27T00:08:39+00:00,3421,https://ungvetenskapssport.se/event/robotiklager-norrkoping-2026/
2026-04-27T03:58:19+00:00,3422,https://ungvetenskapssport.se/event/robotiklager-norrkoping-2026/
2026-04-27T06:30:56+00:00,3423,https://ungvetenskapssport.se/event/robotiklager-norrkoping-2026/
2026-04-27T11:15:07+00:00,3424,https://ungvetenskapssport.se/event/robotiklager-norrkoping-2026/
2026-04-27T12:53:20+00:00,3425,https://ungvetenskapssport.se/event/robotiklager-norrkoping-2026/
2026-04-27T15:03:56+00:00,3428,https://ungvetenskapssport.se/event/robotiklager-norrkoping-2026/
2026-04-27T16:51:19+00:00,3429,https://ungvetenskapssport.se/event/robotiklager-norrkoping-2026/
2026-04-27T18:02:17+00:00,3430,https://ungvetenskapssport.se/event/robotiklager-norrkoping-2026/
2026-04-27T19:45:29+00:00,3431,https://ungvetenskapssport.se/event/robotiklager-norrkoping-2026/
2026-04-27T21:40:03+00:00,3432,https://ungvetenskapssport.se/event/robotiklager-norrkoping-2026/
2026-04-27T22:32:12+00:00,3433,https://ungvetenskapssport.se/event/robotiklager-norrkoping-2026/
2026-04-27T23:32:26+00:00,3434,https://ungvetenskapssport.se/event/robotiklager-norrkoping-2026/
2026-04-28T01:18:17+00:00,3435,https://ungvetenskapssport.se/event/robotiklager-norrkoping-2026/
2026-04-28T04:46:17+00:00,3436,https://ungvetenskapssport.se/event/robotiklager-norrkoping-2026/
2026-04-28T07:18:37+00:00,3437,https://ungvetenskapssport.se/event/robotiklager-norrkoping-2026/
2026-04-28T09:36:16+00:00,3438,https://ungvetenskapssport.se/event/robotiklager-norrkoping-2026/
2026-04-28T13:09:51+00:00,3442,https://ungvetenskapssport.se/event/robotiklager-norrkoping-2026/
2026-04-28T15:36:57+00:00,3443,https://ungvetenskapssport.se/event/robotiklager-norrkoping-2026/
2026-04-28T17:16:01+00:00,3444,https://ungvetenskapssport.se/event/robotiklager-norrkoping-2026/
2026-04-28T18:54:18+00:00,3446,https://ungvetenskapssport.se/event/robotiklager-norrkoping-2026/
2026-04-28T20:11:34+00:00,3447,https://ungvetenskapssport.se/event/robotiklager-norrkoping-2026/
2026-04-28T21:31:38+00:00,3448,https://ungvetenskapssport.se/event/robotiklager-norrkoping-2026/
2026-04-28T22:35:10+00:00,3449,https://ungvetenskapssport.se/event/robotiklager-norrkoping-2026/
2026-04-28T23:32:02+00:00,3451,https://ungvetenskapssport.se/event/robotiklager-norrkoping-2026/
2026-04-29T01:20:22+00:00,3452,https://ungvetenskapssport.se/event/robotiklager-norrkoping-2026/
2026-04-29T04:48:41+00:00,3453,https://ungvetenskapssport.se/event/robotiklager-norrkoping-2026/
2026-04-29T07:12:57+00:00,3455,https://ungvetenskapssport.se/event/robotiklager-norrkoping-2026/
2026-04-29T09:26:49+00:00,3457,https://ungvetenskapssport.se/event/robotiklager-norrkoping-2026/
2026-04-29T12:55:59+00:00,3458,https://ungvetenskapssport.se/event/robotiklager-norrkoping-2026/
2026-04-29T15:10:55+00:00,3459,https://ungvetenskapssport.se/event/robotiklager-norrkoping-2026/
2026-04-29T18:09:09+00:00,3461,https://ungvetenskapssport.se/event/robotiklager-norrkoping-2026/
2026-04-29T19:52:19+00:00,3462,https://ungvetenskapssport.se/event/robotiklager-norrkoping-2026/
2026-04-29T20:59:01+00:00,3463,https://ungvetenskapssport.se/event/robotiklager-norrkoping-2026/
2026-04-29T23:07:23+00:00,3464,https://ungvetenskapssport.se/event/robotiklager-norrkoping-2026/
2026-04-30T00:05:03+00:00,3465,https://ungvetenskapssport.se/event/robotiklager-norrkoping-2026/
2026-04-30T03:59:28+00:00,3466,https://ungvetenskapssport.se/event/robotiklager-norrkoping-2026/
2026-04-30T06:32:56+00:00,3467,https://ungvetenskapssport.se/event/robotiklager-norrkoping-2026/
2026-04-30T08:59:37+00:00,3468,https://ungvetenskapssport.se/event/robotiklager-norrkoping-2026/
2026-04-30T12:19:08+00:00,3470,https://ungvetenskapssport.se/event/robotiklager-norrkoping-2026/
2026-04-30T14:26:39+00:00,3472,https://ungvetenskapssport.se/event/robotiklager-norrkoping-2026/
2026-04-30T16:00:30+00:00,3473,https://ungvetenskapssport.se/event/robotiklager-norrkoping-2026/
2026-04-30T17:40:22+00:00,3474,https://ungvetenskapssport.se/event/robotiklager-norrkoping-2026/
2026-04-30T18:59:07+00:00,3475,https://ungvetenskapssport.se/event/robotiklager-norrkoping-2026/
2026-04-30T20:13:16+00:00,3476,https://ungvetenskapssport.se/event/robotiklager-norrkoping-2026/
2026-04-30T21:16:00+00:00,3477,https://ungvetenskapssport.se/event/robotiklager-norrkoping-2026/
2026-04-30T22:11:48+00:00,3478,https://ungvetenskapssport.se/event/robotiklager-norrkoping-2026/
2026-04-30T23:12:02+00:00,3479,https://ungvetenskapssport.se/event/robotiklager-norrkoping-2026/
2026-05-01T04:13:44+00:00,3480,https://ungvetenskapssport.se/event/robotiklager-norrkoping-2026/
2026-05-01T06:45:58+00:00,3482,https://ungvetenskapssport.se/event/robotiklager-norrkoping-2026/
2026-05-01T10:09:34+00:00,3483,https://ungvetenskapssport.se/event/robotiklager-norrkoping-2026/
2026-05-01T12:11:31+00:00,3485,https://ungvetenskapssport.se/event/robotiklager-norrkoping-2026/
2026-05-01T13:56:15+00:00,3487,https://ungvetenskapssport.se/event/robotiklager-norrkoping-2026/
2026-05-01T14:53:52+00:00,3488,https://ungvetenskapssport.se/event/robotiklager-norrkoping-2026/
2026-05-01T15:53:15+00:00,3489,https://ungvetenskapssport.se/event/robotiklager-norrkoping-2026/
2026-05-01T16:52:46+00:00,3490,https://ungvetenskapssport.se/event/robotiklager-norrkoping-2026/
2026-05-01T17:55:51+00:00,3491,https://ungvetenskapssport.se/event/robotiklager-norrkoping-2026/
2026-05-01T19:08:04+00:00,3492,https://ungvetenskapssport.se/event/robotiklager-norrkoping-2026/
2026-05-01T20:10:51+00:00,3493,https://ungvetenskapssport.se/event/robotiklager-norrkoping-2026/
2026-05-01T21:09:21+00:00,3494,https://ungvetenskapssport.se/event/robotiklager-norrkoping-2026/
2026-05-01T22:03:47+00:00,3495,https://ungvetenskapssport.se/event/robotiklager-norrkoping-2026/
2026-05-01T23:03:11+00:00,3496,https://ungvetenskapssport.se/event/robotiklager-norrkoping-2026/
2026-05-02T00:00:32+00:00,3497,https://ungvetenskapssport.se/event/robotiklager-norrkoping-2026/
2026-05-02T03:46:28+00:00,3498,https://ungvetenskapssport.se/event/robotiklager-norrkoping-2026/
2026-05-02T05:56:23+00:00,3500,https://ungvetenskapssport.se/event/robotiklager-norrkoping-2026/
2026-05-02T08:53:44+00:00,3501,https://ungvetenskapssport.se/event/robotiklager-norrkoping-2026/
2026-05-02T09:55:48+00:00,3503,https://ungvetenskapssport.se/event/robotiklager-norrkoping-2026/
2026-05-02T10:48:52+00:00,3504,https://ungvetenskapssport.se/event/robotiklager-norrkoping-2026/
2026-05-02T11:33:40+00:00,3505,https://ungvetenskapssport.se/event/robotiklager-norrkoping-2026/
2026-05-02T12:33:23+00:00,3506,https://ungvetenskapssport.se/event/robotiklager-norrkoping-2026/
2026-05-02T13:56:03+00:00,3507,https://ungvetenskapssport.se/event/robotiklager-norrkoping-2026/
2026-05-02T14:43:35+00:00,3508,https://ungvetenskapssport.se/event/robotiklager-norrkoping-2026/
2026-05-02T15:33:37+00:00,3509,https://ungvetenskapssport.se/event/robotiklager-norrkoping-2026/
2026-05-02T16:27:51+00:00,3510,https://ungvetenskapssport.se/event/robotiklager-norrkoping-2026/
2026-05-02T18:07:52+00:00,3511,https://ungvetenskapssport.se/event/robotiklager-norrkoping-2026/
2026-05-02T19:15:46+00:00,3512,https://ungvetenskapssport.se/event/robotiklager-norrkoping-2026/
2026-05-02T20:56:52+00:00,3513,https://ungvetenskapssport.se/event/robotiklager-norrkoping-2026/
2026-05-02T21:40:33+00:00,3514,https://ungvetenskapssport.se/event/robotiklager-norrkoping-2026/
2026-05-02T22:23:46+00:00,3515,https://ungvetenskapssport.se/event/robotiklager-norrkoping-2026/
2026-05-02T23:08:42+00:00,3516,https://ungvetenskapssport.se/event/robotiklager-norrkoping-2026/
2026-05-02T23:58:53+00:00,3517,https://ungvetenskapssport.se/event/robotiklager-norrkoping-2026/
2026-05-03T03:49:46+00:00,3518,https://ungvetenskapssport.se/event/robotiklager-norrkoping-2026/
2026-05-03T06:18:13+00:00,3519,https://ungvetenskapssport.se/event/robotiklager-norrkoping-2026/
2026-05-03T09:40:31+00:00,3520,https://ungvetenskapssport.se/event/robotiklager-norrkoping-2026/
2026-05-03T10:38:41+00:00,3521,https://ungvetenskapssport.se/event/robotiklager-norrkoping-2026/
2026-05-03T11:24:44+00:00,3522,https://ungvetenskapssport.se/event/robotiklager-norrkoping-2026/
2026-05-03T12:04:31+00:00,3523,https://ungvetenskapssport.se/event/robotiklager-norrkoping-2026/
2026-05-03T13:44:25+00:00,3524,https://ungvetenskapssport.se/event/robotiklager-norrkoping-2026/
2026-05-03T14:35:18+00:00,3525,https://ungvetenskapssport.se/event/robotiklager-norrkoping-2026/
2026-05-03T15:25:47+00:00,3526,https://ungvetenskapssport.se/event/robotiklager-norrkoping-2026/
2026-05-03T16:06:59+00:00,3527,https://ungvetenskapssport.se/event/robotiklager-norrkoping-2026/
2026-05-03T17:04:30+00:00,3528,https://ungvetenskapssport.se/event/robotiklager-norrkoping-2026/
2026-05-03T17:58:19+00:00,3529,https://ungvetenskapssport.se/event/robotiklager-norrkoping-2026/
2026-05-03T19:05:40+00:00,3530,https://ungvetenskapssport.se/event/robotiklager-norrkoping-2026/
2026-05-03T19:57:17+00:00,3531,https://ungvetenskapssport.se/event/robotiklager-norrkoping-2026/
2026-05-03T20:44:48+00:00,3532,https://ungvetenskapssport.se/event/robotiklager-norrkoping-2026/
2026-05-03T21:27:56+00:00,3533,https://ungvetenskapssport.se/event/robotiklager-norrkoping-2026/
2026-05-03T23:01:04+00:00,3534,https://ungvetenskapssport.se/event/robotiklager-norrkoping-2026/
2026-05-04T03:51:30+00:00,3535,https://ungvetenskapssport.se/event/robotiklager-norrkoping-2026/
2026-05-04T06:35:25+00:00,3536,https://ungvetenskapssport.se/event/robotiklager-norrkoping-2026/
2026-05-04T09:05:02+00:00,3537,https://ungvetenskapssport.se/event/robotiklager-norrkoping-2026/
2026-05-04T11:12:56+00:00,3538,https://ungvetenskapssport.se/event/robotiklager-norrkoping-2026/
2026-05-04T12:57:18+00:00,3539,https://ungvetenskapssport.se/event/robotiklager-norrkoping-2026/
2026-05-04T15:09:57+00:00,3540,https://ungvetenskapssport.se/event/robotiklager-norrkoping-2026/
2026-05-04T17:00:36+00:00,3541,https://ungvetenskapssport.se/event/robotiklager-norrkoping-2026/
2026-05-04T18:49:15+00:00,3542,https://ungvetenskapssport.se/event/robotiklager-norrkoping-2026/
2026-05-04T20:06:48+00:00,3543,https://ungvetenskapssport.se/event/robotiklager-norrkoping-2026/
2026-05-04T21:17:23+00:00,3544,https://ungvetenskapssport.se/event/robotiklager-norrkoping-2026/
2026-05-04T22:16:15+00:00,3545,https://ungvetenskapssport.se/event/robotiklager-norrkoping-2026/
2026-05-04T23:12:30+00:00,3546,https://ungvetenskapssport.se/event/robotiklager-norrkoping-2026/
2026-05-05T00:10:01+00:00,3547,https://ungvetenskapssport.se/event/robotiklager-norrkoping-2026/
2026-05-05T06:07:03+00:00,3548,https://ungvetenskapssport.se/event/robotiklager-norrkoping-2026/
2026-05-05T08:25:00+00:00,3549,https://ungvetenskapssport.se/event/robotiklager-norrkoping-2026/
2026-05-05T10:20:34+00:00,3551,https://ungvetenskapssport.se/event/robotiklager-norrkoping-2026/
2026-05-05T11:46:12+00:00,3552,https://ungvetenskapssport.se/event/robotiklager-norrkoping-2026/
2026-05-05T12:58:42+00:00,3553,https://ungvetenskapssport.se/event/robotiklager-norrkoping-2026/
2026-05-05T16:56:03+00:00,3554,https://ungvetenskapssport.se/event/robotiklager-norrkoping-2026/
2026-05-05T18:08:02+00:00,3555,https://ungvetenskapssport.se/event/robotiklager-norrkoping-2026/
2026-05-05T19:50:42+00:00,3556,https://ungvetenskapssport.se/event/robotiklager-norrkoping-2026/
2026-05-05T22:02:25+00:00,3557,https://ungvetenskapssport.se/event/robotiklager-norrkoping-2026/
2026-05-05T23:07:31+00:00,3558,https://ungvetenskapssport.se/event/robotiklager-norrkoping-2026/
2026-05-06T03:54:31+00:00,3559,https://ungvetenskapssport.se/event/robotiklager-norrkoping-2026/
2026-05-06T06:26:19+00:00,3560,https://ungvetenskapssport.se/event/robotiklager-norrkoping-2026/
2026-05-06T09:12:10+00:00,3561,https://ungvetenskapssport.se/event/robotiklager-norrkoping-2026/
2026-05-06T11:15:39+00:00,3562,https://ungvetenskapssport.se/event/robotiklager-norrkoping-2026/
2026-05-06T13:01:11+00:00,3563,https://ungvetenskapssport.se/event/robotiklager-norrkoping-2026/
2026-05-06T15:30:37+00:00,3564,https://ungvetenskapssport.se/event/robotiklager-norrkoping-2026/
2026-05-06T17:07:22+00:00,3565,https://ungvetenskapssport.se/event/robotiklager-norrkoping-2026/
2026-05-06T18:55:13+00:00,3567,https://ungvetenskapssport.se/event/robotiklager-norrkoping-2026/
2026-05-06T20:18:03+00:00,3569,https://ungvetenskapssport.se/event/robotiklager-norrkoping-2026/
2026-05-06T22:27:24+00:00,3570,https://ungvetenskapssport.se/event/robotiklager-norrkoping-2026/
2026-05-06T23:26:42+00:00,3571,https://ungvetenskapssport.se/event/robotiklager-norrkoping-2026/
2026-05-07T00:11:47+00:00,3572,https://ungvetenskapssport.se/event/robotiklager-norrkoping-2026/
2026-05-07T04:07:21+00:00,3573,https://ungvetenskapssport.se/event/robotiklager-norrkoping-2026/
2026-05-07T06:49:28+00:00,3574,https://ungvetenskapssport.se/event/robotiklager-norrkoping-2026/
2026-05-07T09:20:49+00:00,3575,https://ungvetenskapssport.se/event/robotiklager-norrkoping-2026/
2026-05-07T11:25:01+00:00,3576,https://ungvetenskapssport.se/event/robotiklager-norrkoping-2026/
2026-05-07T13:14:10+00:00,3577,https://ungvetenskapssport.se/event/robotiklager-norrkoping-2026/
2026-05-07T17:23:20+00:00,3578,https://ungvetenskapssport.se/event/robotiklager-norrkoping-2026/
2026-05-07T19:13:01+00:00,3579,https://ungvetenskapssport.se/event/robotiklager-norrkoping-2026/
2026-05-07T20:40:24+00:00,3581,https://ungvetenskapssport.se/event/robotiklager-norrkoping-2026/
2026-05-07T21:39:54+00:00,3582,https://ungvetenskapssport.se/event/robotiklager-norrkoping-2026/
2026-05-07T22:41:57+00:00,3583,https://ungvetenskapssport.se/event/robotiklager-norrkoping-2026/
2026-05-07T23:36:49+00:00,3584,https://ungvetenskapssport.se/event/robotiklager-norrkoping-2026/
2026-05-08T01:22:21+00:00,3585,https://ungvetenskapssport.se/event/robotiklager-norrkoping-2026/
2026-05-08T04:32:07+00:00,3587,https://ungvetenskapssport.se/event/robotiklager-norrkoping-2026/
2026-05-08T06:17:56+00:00,3588,https://ungvetenskapssport.se/event/robotiklager-norrkoping-2026/
2026-05-08T08:00:42+00:00,3589,https://ungvetenskapssport.se/event/robotiklager-norrkoping-2026/
2026-05-08T09:48:43+00:00,3590,https://ungvetenskapssport.se/event/robotiklager-norrkoping-2026/
2026-05-08T10:58:47+00:00,3591,https://ungvetenskapssport.se/event/robotiklager-norrkoping-2026/
2026-05-08T14:20:35+00:00,3593,https://ungvetenskapssport.se/event/robotiklager-norrkoping-2026/
2026-05-08T17:19:47+00:00,3594,https://ungvetenskapssport.se/event/robotiklager-norrkoping-2026/
2026-05-08T18:47:48+00:00,3595,https://ungvetenskapssport.se/event/robotiklager-norrkoping-2026/
2026-05-08T19:59:27+00:00,3596,https://ungvetenskapssport.se/event/robotiklager-norrkoping-2026/
2026-05-08T21:09:09+00:00,3597,https://ungvetenskapssport.se/event/robotiklager-norrkoping-2026/
2026-05-08T22:09:28+00:00,3598,https://ungvetenskapssport.se/event/robotiklager-norrkoping-2026/
2026-05-08T23:09:03+00:00,3599,https://ungvetenskapssport.se/event/robotiklager-norrkoping-2026/
2026-05-09T00:08:28+00:00,3600,https://ungvetenskapssport.se/event/robotiklager-norrkoping-2026/
2026-05-09T03:53:06+00:00,3601,https://ungvetenskapssport.se/event/robotiklager-norrkoping-2026/
2026-05-09T08:12:50+00:00,3602,https://ungvetenskapssport.se/event/robotiklager-norrkoping-2026/
2026-05-09T09:44:33+00:00,3603,https://ungvetenskapssport.se/event/robotiklager-norrkoping-2026/
2026-05-09T10:39:20+00:00,3604,https://ungvetenskapssport.se/event/robotiklager-norrkoping-2026/
2026-05-09T11:31:53+00:00,3605,https://ungvetenskapssport.se/event/robotiklager-norrkoping-2026/
2026-05-09T12:37:56+00:00,3606,https://ungvetenskapssport.se/event/robotiklager-norrkoping-2026/
2026-05-09T14:03:15+00:00,3607,https://ungvetenskapssport.se/event/robotiklager-norrkoping-2026/
2026-05-09T15:07:10+00:00,3608,https://ungvetenskapssport.se/event/robotiklager-norrkoping-2026/
2026-05-09T16:04:55+00:00,3609,https://ungvetenskapssport.se/event/robotiklager-norrkoping-2026/
2026-05-09T17:07:52+00:00,3610,https://ungvetenskapssport.se/event/robotiklager-norrkoping-2026/
2026-05-09T19:18:05+00:00,3611,https://ungvetenskapssport.se/event/robotiklager-norrkoping-2026/
2026-05-09T20:03:49+00:00,3612,https://ungvetenskapssport.se/event/robotiklager-norrkoping-2026/
2026-05-09T20:58:23+00:00,3613,https://ungvetenskapssport.se/event/robotiklager-norrkoping-2026/
2026-05-09T21:51:18+00:00,3614,https://ungvetenskapssport.se/event/robotiklager-norrkoping-2026/
2026-05-09T22:38:00+00:00,3615,https://ungvetenskapssport.se/event/robotiklager-norrkoping-2026/
2026-05-10T01:21:01+00:00,3616,https://ungvetenskapssport.se/event/robotiklager-norrkoping-2026/
2026-05-10T05:00:31+00:00,3618,https://ungvetenskapssport.se/event/robotiklager-norrkoping-2026/
2026-05-10T09:14:53+00:00,3619,https://ungvetenskapssport.se/event/robotiklager-norrkoping-2026/
2026-05-10T10:39:24+00:00,3620,https://ungvetenskapssport.se/event/robotiklager-norrkoping-2026/
2026-05-10T11:31:35+00:00,3621,https://ungvetenskapssport.se/event/robotiklager-norrkoping-2026/
2026-05-10T12:37:08+00:00,3622,https://ungvetenskapssport.se/event/robotiklager-norrkoping-2026/
2026-05-10T14:04:20+00:00,3623,https://ungvetenskapssport.se/event/robotiklager-norrkoping-2026/
2026-05-10T17:09:00+00:00,3624,https://ungvetenskapssport.se/event/robotiklager-norrkoping-2026/
2026-05-10T18:04:05+00:00,3625,https://ungvetenskapssport.se/event/robotiklager-norrkoping-2026/
2026-05-10T19:19:00+00:00,3626,https://ungvetenskapssport.se/event/robotiklager-norrkoping-2026/
2026-05-10T20:05:56+00:00,3627,https://ungvetenskapssport.se/event/robotiklager-norrkoping-2026/
2026-05-10T21:01:37+00:00,3628,https://ungvetenskapssport.se/event/robotiklager-norrkoping-2026/
2026-05-10T21:59:37+00:00,3629,https://ungvetenskapssport.se/event/robotiklager-norrkoping-2026/
2026-05-10T22:56:04+00:00,3630,https://ungvetenskapssport.se/event/robotiklager-norrkoping-2026/
2026-05-10T23:50:49+00:00,3631,https://ungvetenskapssport.se/event/robotiklager-norrkoping-2026/
2026-05-11T02:44:01+00:00,3632,https://ungvetenskapssport.se/event/robotiklager-norrkoping-2026/
2026-05-11T06:23:50+00:00,3633,https://ungvetenskapssport.se/event/robotiklager-norrkoping-2026/
2026-05-11T10:04:59+00:00,3636,https://ungvetenskapssport.se/event/robotiklager-norrkoping-2026/
2026-05-11T12:48:21+00:00,3637,https://ungvetenskapssport.se/event/robotiklager-norrkoping-2026/
2026-05-11T15:49:52+00:00,3638,https://ungvetenskapssport.se/event/robotiklager-norrkoping-2026/
2026-05-11T17:46:12+00:00,3639,https://ungvetenskapssport.se/event/robotiklager-norrkoping-2026/
2026-05-11T19:20:42+00:00,3640,https://ungvetenskapssport.se/event/robotiklager-norrkoping-2026/
2026-05-11T20:58:27+00:00,3641,https://ungvetenskapssport.se/event/robotiklager-norrkoping-2026/
2026-05-11T22:09:52+00:00,3642,https://ungvetenskapssport.se/event/robotiklager-norrkoping-2026/
2026-05-11T23:09:55+00:00,3643,https://ungvetenskapssport.se/event/robotiklager-norrkoping-2026/
2026-05-12T00:09:00+00:00,3644,https://ungvetenskapssport.se/event/robotiklager-norrkoping-2026/
2026-05-12T04:03:23+00:00,3645,https://ungvetenskapssport.se/event/robotiklager-norrkoping-2026/
2026-05-12T06:45:42+00:00,3646,https://ungvetenskapssport.se/event/robotiklager-norrkoping-2026/
2026-05-12T11:29:31+00:00,3648,https://ungvetenskapssport.se/event/robotiklager-norrkoping-2026/
2026-05-12T13:20:26+00:00,3649,https://ungvetenskapssport.se/event/robotiklager-norrkoping-2026/
2026-05-12T15:58:30+00:00,3650,https://ungvetenskapssport.se/event/robotiklager-norrkoping-2026/
2026-05-12T18:03:07+00:00,3651,https://ungvetenskapssport.se/event/robotiklager-norrkoping-2026/
2026-05-12T20:04:52+00:00,3652,https://ungvetenskapssport.se/event/robotiklager-norrkoping-2026/
2026-05-12T21:36:51+00:00,3653,https://ungvetenskapssport.se/event/robotiklager-norrkoping-2026/
2026-05-12T22:42:56+00:00,3654,https://ungvetenskapssport.se/event/robotiklager-norrkoping-2026/
2026-05-12T23:44:03+00:00,3655,https://ungvetenskapssport.se/event/robotiklager-norrkoping-2026/
2026-05-13T01:30:29+00:00,3657,https://ungvetenskapssport.se/event/robotiklager-norrkoping-2026/
2026-05-13T05:32:02+00:00,3659,https://ungvetenskapssport.se/event/robotiklager-norrkoping-2026/
2026-05-13T08:19:11+00:00,3660,https://ungvetenskapssport.se/event/robotiklager-norrkoping-2026/
2026-05-13T10:46:07+00:00,3661,https://ungvetenskapssport.se/event/robotiklager-norrkoping-2026/
2026-05-13T12:33:24+00:00,3662,https://ungvetenskapssport.se/event/robotiklager-norrkoping-2026/
2026-05-13T17:36:47+00:00,3666,https://ungvetenskapssport.se/event/robotiklager-norrkoping-2026/
2026-05-13T19:22:09+00:00,3667,https://ungvetenskapssport.se/event/robotiklager-norrkoping-2026/
2026-05-13T21:06:25+00:00,3668,https://ungvetenskapssport.se/event/robotiklager-norrkoping-2026/
2026-05-13T22:22:13+00:00,3669,https://ungvetenskapssport.se/event/robotiklager-norrkoping-2026/
2026-05-13T23:36:04+00:00,3670,https://ungvetenskapssport.se/event/robotiklager-norrkoping-2026/
2026-05-14T01:29:52+00:00,3671,https://ungvetenskapssport.se/event/robotiklager-norrkoping-2026/
2026-05-14T05:27:19+00:00,3673,https://ungvetenskapssport.se/event/robotiklager-norrkoping-2026/
2026-05-14T08:07:31+00:00,3675,https://ungvetenskapssport.se/event/robotiklager-norrkoping-2026/
2026-05-14T10:30:35+00:00,3676,https://ungvetenskapssport.se/event/robotiklager-norrkoping-2026/
2026-05-14T12:13:53+00:00,3677,https://ungvetenskapssport.se/event/robotiklager-norrkoping-2026/
2026-05-14T14:44:13+00:00,3678,https://ungvetenskapssport.se/event/robotiklager-norrkoping-2026/
2026-05-14T16:50:55+00:00,3679,https://ungvetenskapssport.se/event/robotiklager-norrkoping-2026/
2026-05-14T18:51:14+00:00,3680,https://ungvetenskapssport.se/event/robotiklager-norrkoping-2026/
2026-05-14T20:25:07+00:00,3681,https://ungvetenskapssport.se/event/robotiklager-norrkoping-2026/
2026-05-14T21:42:19+00:00,3682,https://ungvetenskapssport.se/event/robotiklager-norrkoping-2026/
2026-05-14T22:42:32+00:00,3683,https://ungvetenskapssport.se/event/robotiklager-norrkoping-2026/
2026-05-14T23:39:49+00:00,3684,https://ungvetenskapssport.se/event/robotiklager-norrkoping-2026/
2026-05-15T01:29:11+00:00,3685,https://ungvetenskapssport.se/event/robotiklager-norrkoping-2026/
2026-05-15T05:32:49+00:00,3686,https://ungvetenskapssport.se/event/robotiklager-norrkoping-2026/
2026-05-15T08:23:45+00:00,3687,https://ungvetenskapssport.se/event/robotiklager-norrkoping-2026/
2026-05-15T10:43:49+00:00,3688,https://ungvetenskapssport.se/event/robotiklager-norrkoping-2026/
2026-05-15T12:25:57+00:00,3689,https://ungvetenskapssport.se/event/robotiklager-norrkoping-2026/
2026-05-15T14:58:47+00:00,3690,https://ungvetenskapssport.se/event/robotiklager-norrkoping-2026/
2026-05-15T16:53:37+00:00,3691,https://ungvetenskapssport.se/event/robotiklager-norrkoping-2026/
2026-05-15T18:18:33+00:00,3693,https://ungvetenskapssport.se/event/robotiklager-norrkoping-2026/
2026-05-15T19:56:10+00:00,3694,https://ungvetenskapssport.se/event/robotiklager-norrkoping-2026/
2026-05-15T20:58:19+00:00,3695,https://ungvetenskapssport.se/event/robotiklager-norrkoping-2026/
2026-05-15T22:02:26+00:00,3696,https://ungvetenskapssport.se/event/robotiklager-norrkoping-2026/
2026-05-15T23:08:54+00:00,3697,https://ungvetenskapssport.se/event/robotiklager-norrkoping-2026/
2026-05-16T00:04:26+00:00,3698,https://ungvetenskapssport.se/event/robotiklager-norrkoping-2026/
2026-05-16T06:20:31+00:00,3701,https://ungvetenskapssport.se/event/robotiklager-norrkoping-2026/
2026-05-16T08:21:45+00:00,3702,https://ungvetenskapssport.se/event/robotiklager-norrkoping-2026/
2026-05-16T09:54:34+00:00,3703,https://ungvetenskapssport.se/event/robotiklager-norrkoping-2026/
2026-05-16T11:55:12+00:00,3704,https://ungvetenskapssport.se/event/robotiklager-norrkoping-2026/
2026-05-16T13:13:34+00:00,3705,https://ungvetenskapssport.se/event/robotiklager-norrkoping-2026/
2026-05-16T14:36:30+00:00,3706,https://ungvetenskapssport.se/event/robotiklager-norrkoping-2026/
2026-05-16T15:38:07+00:00,3707,https://ungvetenskapssport.se/event/robotiklager-norrkoping-2026/
2026-05-16T16:33:25+00:00,3708,https://ungvetenskapssport.se/event/robotiklager-norrkoping-2026/
2026-05-16T17:34:58+00:00,3709,https://ungvetenskapssport.se/event/robotiklager-norrkoping-2026/
2026-05-16T20:31:44+00:00,3710,https://ungvetenskapssport.se/event/robotiklager-norrkoping-2026/
2026-05-16T21:29:44+00:00,3711,https://ungvetenskapssport.se/event/robotiklager-norrkoping-2026/
2026-05-17T04:34:05+00:00,3712,https://ungvetenskapssport.se/event/robotiklager-norrkoping-2026/
2026-05-17T07:22:51+00:00,3713,https://ungvetenskapssport.se/event/robotiklager-norrkoping-2026/
2026-05-17T09:18:01+00:00,3714,https://ungvetenskapssport.se/event/robotiklager-norrkoping-2026/
2026-05-17T10:42:13+00:00,3715,https://ungvetenskapssport.se/event/robotiklager-norrkoping-2026/
2026-05-17T11:46:15+00:00,3717,https://ungvetenskapssport.se/event/robotiklager-norrkoping-2026/
2026-05-17T12:42:16+00:00,3718,https://ungvetenskapssport.se/event/robotiklager-norrkoping-2026/
2026-05-17T14:13:28+00:00,3719,https://ungvetenskapssport.se/event/robotiklager-norrkoping-2026/
2026-05-17T15:29:17+00:00,3720,https://ungvetenskapssport.se/event/robotiklager-norrkoping-2026/
2026-05-17T16:31:16+00:00,3721,https://ungvetenskapssport.se/event/robotiklager-norrkoping-2026/
2026-05-17T17:36:05+00:00,3722,https://ungvetenskapssport.se/event/robotiklager-norrkoping-2026/
2026-05-17T18:39:07+00:00,3723,https://ungvetenskapssport.se/event/robotiklager-norrkoping-2026/
2026-05-17T19:48:21+00:00,3724,https://ungvetenskapssport.se/event/robotiklager-norrkoping-2026/
2026-05-17T20:35:07+00:00,3725,https://ungvetenskapssport.se/event/robotiklager-norrkoping-2026/
2026-05-17T21:31:23+00:00,3726,https://ungvetenskapssport.se/event/robotiklager-norrkoping-2026/
2026-05-17T23:36:23+00:00,3727,https://ungvetenskapssport.se/event/robotiklager-norrkoping-2026/
2026-05-18T01:32:20+00:00,3728,https://ungvetenskapssport.se/event/robotiklager-norrkoping-2026/
2026-05-18T05:52:07+00:00,3729,https://ungvetenskapssport.se/event/robotiklager-norrkoping-2026/
2026-05-18T09:53:04+00:00,3730,https://ungvetenskapssport.se/event/robotiklager-norrkoping-2026/
2026-05-18T13:41:01+00:00,3731,https://ungvetenskapssport.se/event/robotiklager-norrkoping-2026/
2026-05-18T16:40:31+00:00,3734,https://ungvetenskapssport.se/event/robotiklager-norrkoping-2026/
2026-05-18T18:24:13+00:00,3735,https://ungvetenskapssport.se/event/robotiklager-norrkoping-2026/
2026-05-18T21:39:36+00:00,3736,https://ungvetenskapssport.se/event/robotiklager-norrkoping-2026/
2026-05-18T22:37:49+00:00,3737,https://ungvetenskapssport.se/event/robotiklager-norrkoping-2026/
2026-05-18T23:41:58+00:00,3738,https://ungvetenskapssport.se/event/robotiklager-norrkoping-2026/
2026-05-19T01:49:51+00:00,3739,https://ungvetenskapssport.se/event/robotiklager-norrkoping-2026/
2026-05-19T05:53:30+00:00,3740,https://ungvetenskapssport.se/event/robotiklager-norrkoping-2026/
2026-05-19T09:35:20+00:00,3741,https://ungvetenskapssport.se/event/robotiklager-norrkoping-2026/
2026-05-19T12:27:48+00:00,3742,https://ungvetenskapssport.se/event/robotiklager-norrkoping-2026/
2026-05-19T15:57:29+00:00,3744,https://ungvetenskapssport.se/event/robotiklager-norrkoping-2026/
2026-05-19T18:07:01+00:00,3745,https://ungvetenskapssport.se/event/robotiklager-norrkoping-2026/
2026-05-19T20:02:15+00:00,3746,https://ungvetenskapssport.se/event/robotiklager-norrkoping-2026/
2026-05-19T21:41:33+00:00,3750,https://ungvetenskapssport.se/event/robotiklager-norrkoping-2026/
2026-05-19T22:50:20+00:00,3751,https://ungvetenskapssport.se/event/robotiklager-norrkoping-2026/
2026-05-19T23:59:26+00:00,3752,https://ungvetenskapssport.se/event/robotiklager-norrkoping-2026/
2026-05-20T04:13:15+00:00,3753,https://ungvetenskapssport.se/event/robotiklager-norrkoping-2026/
2026-05-20T07:56:34+00:00,3754,https://ungvetenskapssport.se/event/robotiklager-norrkoping-2026/
2026-05-20T10:49:07+00:00,3756,https://ungvetenskapssport.se/event/robotiklager-norrkoping-2026/
2026-05-20T13:25:46+00:00,3757,https://ungvetenskapssport.se/event/robotiklager-norrkoping-2026/
2026-05-20T16:33:33+00:00,3758,https://ungvetenskapssport.se/event/robotiklager-norrkoping-2026/
2026-05-20T21:06:56+00:00,3759,https://ungvetenskapssport.se/event/robotiklager-norrkoping-2026/
2026-05-20T23:55:14+00:00,3760,https://ungvetenskapssport.se/event/robotiklager-norrkoping-2026/
